ma_phieu,ma_the,the_loai,co_so,ngay_muon,ngay_tra,so_ngay_muon,so_lan_gia_han,muc_phat_ngay,tien_phat
PM00026,0199,Thiếu nhi,Cơ sở 2,2024-05-07,2024-05-21,14.0,0,3000,0
PM00583,0466,Kinh tế,Cơ sở 1,2024-06-01,2024-06-16,15.0,0,3000,3000
PM00560,0366,Kỹ thuật,Cơ sở 2,2024-10-07,2024-10-30,23.0,1,7000,63000
PM00871,0058,Kinh tế,Cơ sở 2,2024-01-15,2024-02-05,21.0,1,3000,21.000 đ
PM00787,0197,Kinh tế,Cơ sở 1,2024-02-22,2024-03-05,12.0,0,3000,0
PM00335,0269,Kinh tế,Cơ sở 1,2024-12-22,2025-01-08,17.0,1,3000,9.000 đ
PM00777,0034,Ngoại ngữ,Cơ sở 3,2024-02-02,2024-02-18,16.0,1,5000,10000
PM00537,0190,Ngoại ngữ,Cơ sở 1,2024-11-03,2024-11-21,18.0,1,5000,20000
PM00895,0268,ky thuat,Cơ sở 1,2024-10-11,,,1,7000,
PM00067,0484,Ngoại ngữ,Cơ sở 2,2024-10-31,2024-11-13,13.0,0,5000,0
PM00944,0238,Kỹ thuật,Cơ sở 3,2024-11-08,2024-12-03,25.0,1,7000,77000
PM00105,0092,Thiếu nhi,Cơ sở 2,2024-10-20,2024-10-31,11.0,0,3000,0
PM00096,0396,Ngoại ngữ,Cơ sở 3,2024-07-06,2024-07-19,13.0,1,5000,0
PM00737,0344,Kỹ thuật,Cơ sở 1,2024-04-10,2024-05-06,26.0,1,7000,84000
PM00777,0034,Ngoại ngữ,Cơ sở 3,2024-02-02,2024-02-18,16.0,1,5000,10000
PM00222,0018,Kinh tế,Cơ sở 1,2024-10-25,2024-11-14,20.0,0,3000,18000
PM00215,0406,Kinh tế,Cơ sở 1,2024-06-26,,,2,3000,
PM00807,0343,Kỹ thuật,Cơ sở 3,2024-04-19,2024-05-05,16.0,0,7000,14000
PM00862,0153,Thiếu nhi,Cơ sở 2,2024-02-11,2024-02-23,12.0,0,3000,0
PM00823,0064,Kỹ thuật,Cơ sở 1,2024-07-21,2024-08-13,23.0,1,7000,63.000 đ
PM00331,0438,Văn học,Cơ sở 3,2024-01-03,2024-01-15,,0,3000,0
PM00094,0276,Văn học,Cơ sở 2,2024-01-04,2024-01-13,9.0,0,3000,0
PM00431,0393,Thiếu nhi,Cơ sở 1,2024-08-29,2024-09-21,,2,3000,27000
PM00448,0460,Văn học,Cơ sở 1,2024-08-01,2024-08-13,12.0,0,3000,0
PM00088,0220,Kỹ thuật,Cơ sở 2,06/09/2024,,,2,7000,
PM00260,0204,Kinh tế,Cơ sở 1,12/02/2024,2024-03-02,19.0,0,3000,15.000 đ
PM00795,0147,Ngoại ngữ,Cơ sở 2,2024-03-13,2024-04-04,22.0,2,5000,40000
PM00756,0329,Văn học,Cơ sở 2,2024-06-11,,,0,3000,
PM00637,0195,Kỹ thuật,Cơ sở 2,2024-11-10,2024-12-06,26.0,1,7000,84000
PM00714,0489,Ngoại ngữ,Cơ sở 1,2024-01-10,,,1,5000,
PM00483,0104,Ngoại ngữ, Cơ sở 1,2024-01-03,,,1,5000,
PM00136,0023,Văn học,Cơ sở 1,2024-01-06,2024-01-24,18.0,1,3000,12000
PM00122,0034,Văn học,Cơ sở 3,2024-05-14,2024-06-04,21.0,1,3000,21000
PM00792,0229,Kinh tế,Cơ sở 1,2024-11-27,,,0,3000,
PM00592,0142,Kinh tế,Cơ sở 1,2024-06-03,2024-06-19,16.0,1,3000,6000
PM00248,0145,Văn học, Cơ sở 1,2024-03-06,2024-03-17,11.0,0,3000,0
PM00779,0445,Văn học,Cơ sở 1,2024-04-01,2024-04-13,12.0,0,3000,0
PM00299,0401,Văn học,Cơ sở 1,10/05/2024,2024-05-21,11.0,0,3000,0
PM00933,0461,Kinh tế,Cơ sở 1,2024-04-19,2024-05-08,19.0,1,3000,15000
PM00061,0185,Kinh tế,Cơ sở 1,2024-08-11,2024-08-28,17.0,0,3000,9000
PM00350,0338,Kinh tế,Cơ sở 2,2024-07-28,2024-08-17,20.0,1,3000,18000
PM00108,0078,Kỹ thuật,Cơ sở 2,2024-10-13,2024-11-19,,2,7000,161000
PM00509,0356,Kinh tế,Cơ sở 2,2024-05-04,2024-05-28,24.0,2,3000,30000
PM00869,0011,Ngoại ngữ,Cơ sở 3,2024-12-02,2024-12-19,17.0,1,5000,15000
PM00533,0330,Ngoại ngữ,Cơ sở 1,2024-07-05,2024-07-16,11.0,1,5000,0
PM00626,0288,Kỹ thuật,Cơ sở 1,2024-05-08,2024-06-01,24.0,2,7000,70.000 đ
PM00804,0137,Ngoại ngữ,Cơ sở 1,2024-07-26,2024-08-14,19.0,0,5000,25.000 đ
PM00093,0074,Văn học,Cơ sở 3,2024-01-28,2024-02-24,27.0,1,3000,39000
PM00623,0464,Văn học,Cơ sở 1,2024-01-02,2024-01-20,18.0,1,3000,12000
PM00587,0184,Thiếu nhi,Cơ sở 1,2024-07-09,2024-07-27,18.0,1,3000,12000
PM00318,0126,Thiếu nhi,Cơ sở 1,2024-04-12,,,1,3000,
PM00636,0114,Kỹ thuật,Cơ sở 2,2024-06-21,2024-07-16,25.0,1,7000,77000
PM00887,0112,Kinh tế,Cơ sở 1,2024-11-04,2024-11-23,19.0,1,3000,15000
PM00273,0311,Kỹ thuật,Cơ sở 1,31/02/2024,2024-05-17,23.0,1,7000,63000
PM00572,0060,Kinh tế,Cơ sở 1,29/04/2024,2024-05-22,23.0,2,3000,27000
PM00296,0362,Kỹ thuật,Cơ sở 2,2024-01-15,2024-02-10,26.0,1,7000,84000
PM00278,0137,Kỹ thuật,Cơ sở 2,2024-10-27,2024-11-28,32.0,1,7000,126000
PM00713,0147,Kỹ thuật,Cơ sở 1,2024-11-11,2024-12-03,22.0,0,7000,56000
PM00846,0444,ky thuat,Cơ sở 1,2024-09-19,2024-10-12,23.0,1,7000,63000
PM00600,0206,Kinh tế,Cơ sở 1,2024-04-06,2024-04-21,15.0,1,3000,3000
PM00801,0349,Ngoại ngữ,Cơ sở 2 ,22/05/2024,2024-06-17,26.0,1,5000,60000
PM00057,0085,Văn học,Cơ sở 2,2024-02-10,2024-02-27,17.0,1,3000,9000
PM00238,0425,NGOẠI NGỮ,Cơ sở 1,2024-03-20,,,1,5000,
PM00003,0415,Kinh tế, Cơ sở 1,2024-02-06,2024-02-28,22.0,1,3000,24000
PM00083,0009,Văn học,Cơ sở 1,2024-11-09,2024-11-28,19.0,1,3000,15000
PM00184,0239,Kỹ thuật,Cơ sở 1,2024-01-20,2024-02-07,18.0,0,7000,28.000 đ
PM00301,0449,Kinh tế,Cơ sở 2,2024-06-26,2024-07-15,19.0,1,3000,15000
PM00401,0280,Kỹ thuật,Cơ sở 3,2024-12-05,2025-01-05,31.0,2,7000,119000
PM00896,0476,Văn học,Cơ sở 1,2024-04-15,2024-05-09,24.0,2,3000,30000
PM00468,0241,NGOẠI NGỮ,Cơ sở 1,2024-07-26,2024-08-15,20.0,1,5000,30000
PM00180,0276,ky thuat,Cơ sở 3,2024-11-10,2024-12-03,,1,7000,63000
PM00594,0454,Kỹ thuật,Cơ sở 3,18/06/2024,2024-07-21,33.0,1,7000,133000
PM00377,0374,Kỹ thuật,Cơ sở 1,2024-02-12,2024-02-28,16.0,0,7000,14000
PM00573,0017,Thiếu nhi,Cơ sở 1,2024-03-07,2024-03-19,12.0,0,3000,0
PM00711,0180,Văn học,Cơ sở 1,2024-02-27,2024-03-28,30.0,2,3000,48000
PM00718,0209,Thiếu nhi,Cơ sở 2,2024-09-04,2024-09-12,8.0,0,3000,0
PM00524,0399,Thiếu nhi,Cơ sở 1,23/07/2024,2024-08-11,19.0,1,3000,15000
PM00428,0028,Văn học,Cơ sở 1,2024-07-05,2024-07-25,20.0,0,3000,18000
PM00808,0289,Kỹ thuật,Cơ sở 1,26/02/2024,2024-03-18,21.0,1,7000,49000
PM00939,0460,Kinh tế, Cơ sở 1,2024-10-06,2024-10-20,14.0,0,3000,0
PM00517,0351,Ngoại ngữ,Cơ sở 3,13/10/2024,2024-10-31,18.0,0,5000,20.000 đ
PM00379,0309,Ngoại ngữ,Cơ sở 2,2024-07-09,2024-08-03,25.0,1,5000,55000
PM00935,0460,NGOẠI NGỮ, Cơ sở 1,2024-11-01,2024-11-13,12.0,0,5000,0
PM00782,0252,Thiếu nhi,Cơ sở 1,18/12/2024,,,0,3000,
PM00858,0372,Kỹ thuật,Cơ sở 1,2024-08-11,2024-09-04,24.0,1,7000,70000
PM00414,0001,Kinh tế,Cơ sở 2,2024-02-29,,,1,3000,
PM00111,0263,Kinh tế,Cơ sở 1,2024-08-27,2024-09-11,15.0,1,3000,3000
PM00283,0447,Kỹ thuật,Cơ sở 1,2024-11-24,2024-12-27,33.0,2,7000,133000
PM00382,0039,Văn học,Cơ sở 1,16/08/2024,2024-09-04,19.0,1,3000,15000
PM00941,0301,Thiếu nhi,Cơ sở 3,2024-03-08,2024-03-23,15.0,0,3000,3000
PM00614,0065,Văn học,Cơ sở 1,2024-01-18,2024-02-03,16.0,0,3000,6000
PM00663,0078,Văn học,Cơ sở 2,2024-01-29,2024-02-05,7.0,0,3000,0
PM00047,0360,Ngoại ngữ,Cơ sở 3,2024-09-23,2024-10-16,23.0,1,5000,45000
PM00279,0108,Thiếu nhi, Cơ sở 1,2024-07-22,2024-07-25,3.0,0,3000,0
PM00308,0046,Ngoại ngữ,Cơ sở 1,2024-12-08,,,2,5000,
PM00531,0137,Kỹ thuật,Cơ sở 3,15/10/2024,2024-11-09,25.0,1,7000,77000
PM00312,0050,Văn học,Cơ sở 1,2024-11-11,2024-12-08,27.0,1,3000,39000
PM00316,0336,Ngoại ngữ,Cơ sở 1,2024-12-21,2025-01-04,14.0,1,5000,0
PM00650,0178,Kinh tế,Cơ sở 1,2024-02-01,2024-02-18,17.0,0,3000,9000
PM00529,0218,Kinh tế,Cơ sở 2,2024-12-14,2025-01-11,28.0,1,3000,42000
PM00106,0244,Văn học,Cơ sở 1,2024-12-06,2024-12-19,13.0,0,3000,0
PM00124,0066,Kỹ thuật,Cơ sở 2,2024-12-30,,,2,7000,
PM00563,0120,Kinh tế,Cơ sở 1,2024-07-19,2024-07-28,9.0,0,3000,0
PM00032,0143,Văn học,Cơ sở 2,2024-05-31,2024-06-10,10.0,0,3000,0
PM00294,0456,Ngoại ngữ,Cơ sở 1,2024-01-09,2024-01-22,13.0,0,5000,0
PM00709,0311,Văn học,Cơ sở 3,2024-04-04,2024-04-19,15.0,1,3000,3000
PM00877,0126,Kỹ thuật,Cơ sở 2,2024-11-09,,,0,7000,
PM00780,0042,Ngoại ngữ,Cơ sở 1,2024-04-17,2024-05-04,17.0,0,5000,15.000 đ
PM00860,0039,Văn học,CƠ SỞ 3,2024-08-05,2024-08-08,3.0,0,3000,0
PM00751,0166,Kinh tế,Cơ sở 1,2024-09-10,2024-10-02,22.0,1,3000,24000
PM00244,0326,Văn học,Cơ sở 1,2024-01-31,2024-02-23,23.0,2,3000,27000
PM00165,0449,Kỹ thuật,Cơ sở 3,2024-11-21,2024-12-09,18.0,1,7000,28.000 đ
PM00493,0051,Kinh tế,Cơ sở 1,2024-08-31,2024-09-03,3.0,0,3000,0
PM00378,0367,Văn học,Cơ sở 3,2024-05-17,2024-06-05,19.0,1,3000,15000
PM00482,0445,Ngoại ngữ,Cơ sở 1,2024-11-25,2024-12-11,16.0,0,5000,10.000 đ
PM00509,0356,Kinh tế,Cơ sở 2,2024-05-04,2024-05-28,24.0,2,3000,30000
PM00503,0489,Kỹ thuật,Cơ sở 2,29/07/2024,2024-08-15,17.0,0,7000,21000
PM00341,0266,Văn học,Cơ sở 2,2024-03-02,2024-03-25,23.0,1,3000,27000
PM00178,0437,Kỹ thuật,Cơ sở 1,2024-08-16,2024-09-08,23.0,1,7000,63000
PM00337,0446,Ngoại ngữ,Cơ sở 1,2024-09-29,2024-10-21,22.0,1,5000,40000
PM00272,0350,Ngoại ngữ,Cơ sở 1,2024-03-31,,,0,5000,
PM00190,0001,Văn học,Cơ sở 1,05/01/2024,2024-01-12,7.0,0,3000,0
PM00764,0151,Ngoại ngữ, Cơ sở 1,2024-02-01,2024-02-24,23.0,2,5000,45000
PM00849,0245,Văn học,Cơ sở 1,2024-08-06,2024-08-25,19.0,1,3000,15.000 đ
PM00144,0205,Ngoại ngữ,Cơ sở 3,2024-10-18,2024-11-06,19.0,0,5000,25000
PM00845,0295,Văn học,Cơ sở 1,2024-03-14,2024-03-27,13.0,1,3000,0
PM00552,0100,Văn học,Cơ sở 1,2024-06-02,2024-06-21,19.0,1,3000,15000
PM00240,0067,Ngoại ngữ,Cơ sở 1,2024-04-11,2024-04-30,19.0,1,5000,25.000 đ
PM00203,0336,Kinh tế,Cơ sở 1,2024-06-20,2024-07-16,,1,3000,36000
PM00202,0002,Văn học,Cơ sở 1,2024-08-08,2024-08-28,20.0,1,3000,18000
PM00319,0144,Kỹ thuật,Cơ sở 1,15/05/2024,2024-06-09,25.0,2,7000,77000
PM00293,0201,Kỹ thuật,Cơ sở 1,2024-02-17,2024-03-20,32.0,2,7000,126.000 đ
PM00919,0358,Ngoại ngữ,Cơ sở 3,2024-08-24,2024-09-12,19.0,2,5000,25000
PM00868,0471,Thiếu nhi,Cơ sở 2,2024-07-07,2024-07-12,5.0,0,3000,0
PM00616,0078,NGOẠI NGỮ,Cơ sở 3,2024-06-12,2024-07-09,27.0,1,5000,65000
PM00070,0287,Văn học,Cơ sở 2,2024-10-09,2024-10-30,21.0,0,3000,21000
PM00668,0181,Kỹ thuật,Cơ sở 1,11/02/2024,2024-03-15,33.0,2,7000,133000
PM00639,0097,Kỹ thuật,Cơ sở 2,2024-05-22,2024-06-25,34.0,2,7000,140000
PM00058,0476,Ngoại ngữ,Cơ sở 2,2024-02-08,2024-03-05,26.0,1,5000,60000
PM00665,0060,Kinh tế,Cơ sở 3,2024-11-01,2024-11-15,14.0,1,3000,0
PM00634,0203,Kinh tế,Cơ sở 2,2024-08-04,,,1,3000,
PM00155,0200,Văn học,Cơ sở 1,2024-06-02,2024-06-13,11.0,1,3000,0
PM00005,0475,Kinh tế,Cơ sở 2,2024-09-23,2024-10-10,17.0,1,3000,9000
PM00484,0326,Văn học,Cơ sở 1,2024-07-29,2024-08-23,25.0,1,3000,33000
PM00408,0459,Văn học,Cơ sở 2,2024-08-06,2024-08-16,10.0,0,3000,0
PM00473,0053,Văn học,Cơ sở 1,2024-04-12,2024-05-01,19.0,0,3000,15000
PM00130,0160,ky thuat,Cơ sở 3,2024-04-15,2024-05-08,23.0,2,7000,63000
PM00565,0400,Văn học,CƠ SỞ 3,2024-09-05,,,0,3000,
PM00680,0428,Ngoại ngữ,Cơ sở 3,2024-03-24,2024-04-14,21.0,1,5000,35000
PM00068,0165,Kỹ thuật,Cơ sở 2,2024-06-14,2024-07-11,27.0,2,7000,91000
PM00310,0001,Kinh tế,Cơ sở 2,2024-06-29,2024-07-10,11.0,1,3000,0
PM00145,0202,Thiếu nhi,Cơ sở 1,2024-11-12,2024-11-26,14.0,0,3000,0
PM00912,0440,Văn học, Cơ sở 1,2024-03-10,,,0,3000,
PM00567,0454,Kinh tế,Cơ sở 1,2024-08-08,2024-08-26,18.0,1,3000,12.000 đ
PM00904,0035,Văn học,Cơ sở 3,2024-08-25,2024-09-20,26.0,2,3000,36.000 đ
PM00483,0104,Ngoại ngữ, Cơ sở 1,2024-01-03,,,1,5000,
PM00455,0120,Văn học, Cơ sở 1,2024-02-09,2024-02-27,18.0,1,3000,12000
PM00435,0097,Ngoại ngữ,Cơ sở 1,2024-01-06,2024-01-26,20.0,1,5000,30000
PM00391,0481,Văn học,Cơ sở 1,2024-12-25,,,0,3000,
PM00536,0244,Kinh tế,Cơ sở 1,2024-03-24,2024-04-13,20.0,1,3000,18000
PM00135,0312,ky thuat,Cơ sở 2,2024-06-08,2024-07-07,29.0,3,7000,105000
PM00621,0445,Ngoại ngữ,Cơ sở 2,2024-03-12,2024-03-24,12.0,1,5000,0
PM00872,0064,Kinh tế,Cơ sở 3,10/09/2024,2024-09-30,20.0,1,3000,18000
PM00149,0008,Thiếu nhi,Cơ sở 1,2024-11-16,2024-12-13,27.0,1,3000,39.000 đ
PM00916,0288,Kinh tế,Cơ sở 2,2024-03-23,2024-04-19,27.0,2,3000,39000
PM00454,0490,Văn học,Cơ sở 2,2024-09-26,2024-10-20,24.0,2,3000,30000
PM00608,0378,Kinh tế,Cơ sở 1,2024-10-26,2024-10-31,5.0,0,3000,0
PM00317,0284,Kỹ thuật,Cơ sở 1,04/11/2024,,,2,7000,
PM00450,0299,Thiếu nhi,Cơ sở 1,2024-02-26,2024-03-19,22.0,1,3000,24000
PM00643,0277,Kinh tế,Cơ sở 1,2024-10-30,2024-11-18,19.0,1,3000,15.000 đ
PM00345,0114,Thiếu nhi,Cơ sở 3,2024-02-23,2024-03-16,22.0,1,3000,24.000 đ
PM00375,0396,Kỹ thuật,Cơ sở 1,2024-02-26,2024-03-23,26.0,2,7000,84000
PM00647,0391,Văn học,Cơ sở 1,2024-04-02,2024-04-23,21.0,0,3000,21000
PM00362,0415,Kinh tế,Cơ sở 1,2024-05-17,2024-06-08,22.0,1,3000,24000
PM00577,0460,ky thuat,Cơ sở 3,2024-01-24,2024-02-19,26.0,2,7000,84000
PM00476,0244,Kỹ thuật,Cơ sở 3,2024-06-24,2024-07-16,22.0,1,7000,56000
PM00027,0217,Văn học,Cơ sở 1,2024-09-02,2024-09-16,14.0,0,3000,0
PM00275,0125,Kinh tế, Cơ sở 1,2024-08-17,2024-09-08,22.0,1,3000,24000
PM00702,0449,Thiếu nhi,Cơ sở 1,2024-11-30,2024-12-03,3.0,0,3000,0
PM00410,0141,Kinh tế,Cơ sở 3,2024-12-16,,,0,3000,
PM00645,0418,Kinh tế,Cơ sở 1,2024-08-03,2024-08-13,10.0,0,3000,0
PM00688,0158,Kinh tế,Cơ sở 1,2024-10-04,2024-10-21,17.0,0,3000,9000
PM00256,0232,NGOẠI NGỮ,Cơ sở 3,2024-09-12,2024-09-24,12.0,0,5000,0
PM00574,0069,Kỹ thuật,Cơ sở 1,2024-06-11,2024-06-29,18.0,1,7000,28000
PM00251,0411,Văn học,Cơ sở 3,2024-03-29,2024-04-14,16.0,0,3000,6000
PM00074,0367,Kinh tế,Cơ sở 3,2024-06-15,2024-07-07,22.0,1,3000,24000
PM00758,0105,Văn học,Cơ sở 2,2024-07-14,2024-07-18,4.0,0,3000,0
PM00399,0194,Kỹ thuật,Cơ sở 2,2024-08-01,2024-09-03,33.0,2,7000,133000
PM00211,0127,Ngoại ngữ,Cơ sở 1,2024-12-05,,,0,5000,
PM00607,0318,Văn học,Cơ sở 1,2024-03-28,2024-04-02,5.0,0,3000,0
PM00305,0476,Văn học,Cơ sở 1,2024-01-15,2024-01-29,14.0,1,3000,0
PM00727,0192,Văn học,Cơ sở 1,2024-11-13,2024-12-04,21.0,1,3000,21000
PM00781,0118,Kinh tế,Cơ sở 3,2024-02-16,2024-03-08,21.0,1,3000,21000
PM00097,0139,Văn học,Cơ sở 2,2024-01-16,2024-02-03,18.0,0,3000,12000
PM00549,0313,Thiếu nhi,Cơ sở 2 ,2024-07-04,2024-07-21,17.0,1,3000,9000
PM00352,0364,Thiếu nhi,Cơ sở 3,2024-04-15,2024-04-27,12.0,1,3000,0
PM00040,0366,Văn học,Cơ sở 1,2024-10-27,2024-11-18,22.0,1,3000,24000
PM00731,0170,Văn học,Cơ sở 1,08/01/2024,2024-01-15,7.0,0,3000,0
PM00672,0251,ky thuat,Cơ sở 1,2024-06-25,2024-07-18,23.0,1,7000,63.000 đ
PM00456,0308,Văn học,Cơ sở 1,08/12/2024,2024-12-29,21.0,0,3000,21000
PM00099,0275,Kinh tế,Cơ sở 1,2024-04-18,2024-05-04,16.0,0,3000,6000
PM00520,0064,ky thuat,Cơ sở 1,2024-03-05,,,2,7000,
PM00612,0151,Văn học,Cơ sở 1,2024-11-23,2024-12-12,19.0,1,3000,15.000 đ
PM00589,0310,Kinh tế,Cơ sở 3,2024-12-09,2024-12-25,16.0,0,3000,6000
PM00569,0376,ky thuat,Cơ sở 2,2024-04-11,2024-05-07,26.0,1,7000,84.000 đ
PM00770,0386,Kỹ thuật,Cơ sở 3,2024-10-23,2024-11-08,16.0,1,7000,14000
PM00443,0421,Thiếu nhi,Cơ sở 2,2024-10-04,2024-10-13,9.0,0,3000,0
PM00462,0165,Văn học,Cơ sở 1,2024-12-30,2025-01-25,26.0,2,3000,36000
PM00064,0466,Văn học,Cơ sở 1,2024-12-29,2025-01-14,16.0,0,3000,6000
PM00012,0387,Kinh tế,Cơ sở 3,2024-03-17,2024-03-31,14.0,1,3000,0
PM00723,0447,Kinh tế,Cơ sở 2,2024-02-27,2024-03-24,26.0,1,3000,36000
PM00848,0331,Văn học,Cơ sở 3,10/09/2024,2024-10-02,22.0,1,3000,24000
PM00930,0462,Kỹ thuật,Cơ sở 1,24/03/2024,2024-04-19,26.0,1,7000,84000
PM00655,0326,Kinh tế,Cơ sở 2 ,2024-02-21,2024-03-09,17.0,1,3000,9000
PM00659,0381,Văn học,Cơ sở 1,2024-12-27,2025-01-17,21.0,0,3000,21000
PM00699,0093,Kỹ thuật,Cơ sở 2,12/07/2024,2024-08-06,25.0,1,7000,77.000 đ
PM00353,0192,Thiếu nhi,Cơ sở 2,27/04/2024,2024-05-10,13.0,0,3000,0
PM00733,0478,Kỹ thuật,Cơ sở 3,2024-09-28,2024-10-17,19.0,2,7000,35000
PM00632,0004,Ngoại ngữ,Cơ sở 1,16/11/2024,,,0,5000,
PM00326,0191,Ngoại ngữ,Cơ sở 1,2024-06-20,2024-07-03,13.0,1,5000,0
PM00266,0002,Kinh tế,Cơ sở 1,2024-01-24,2024-02-13,20.0,0,3000,18000
PM00475,0470,Ngoại ngữ,Cơ sở 2,2024-08-08,,,1,5000,
PM00192,0008,Văn học,Cơ sở 2,2024-06-11,2024-06-20,9.0,0,3000,0
PM00050,0114,Văn học,Cơ sở 2,2024-07-11,2024-07-29,18.0,1,3000,12.000 đ
PM00340,0468,Kinh tế,Cơ sở 1,2024-05-26,2024-06-12,17.0,1,3000,9000
PM00619,0207,Kinh tế,Cơ sở 3,2024-02-05,2024-02-24,,2,3000,15000
PM00420,0376,Kỹ thuật,Cơ sở 3,2024-10-08,2024-11-04,27.0,1,7000,91000
PM00411,0481,Kinh tế,Cơ sở 2,2024-12-17,2025-01-07,21.0,2,3000,21000
PM00169,0413,Thiếu nhi,Cơ sở 3,2024-05-02,2024-05-09,7.0,0,3000,0
PM00236,0486,Thiếu nhi,Cơ sở 1,2024-06-18,2024-07-05,17.0,1,3000,9000
PM00233,0326,Văn học,Cơ sở 1,2024-05-09,2024-05-24,15.0,0,3000,3000
PM00188,0272,Kỹ thuật,Cơ sở 2,2024-05-04,2024-05-29,25.0,1,7000,77000
PM00464,0198,Kỹ thuật,Cơ sở 1,2024-06-19,2024-07-14,25.0,1,7000,77000
PM00042,0359,Ngoại ngữ,Cơ sở 2,2024-09-17,2024-10-01,14.0,1,5000,0
PM00798,0239,Thiếu nhi,Cơ sở 1,2024-08-29,2024-09-17,19.0,0,3000,15000
PM00902,0217,Kinh tế,Cơ sở 3,2024-12-07,,,0,3000,
PM00403,0329,Kỹ thuật,Cơ sở 3,2024-05-23,2024-06-19,27.0,1,7000,91000
PM00164,0190,Ngoại ngữ,Cơ sở 2,2024-10-10,2024-10-26,16.0,1,5000,10000
PM00189,0299,Kỹ thuật,Cơ sở 1,04/06/2024,2024-06-26,22.0,1,7000,56000
PM00828,0046,Thiếu nhi,Cơ sở 3,2024-06-15,2024-07-08,23.0,1,3000,27000
PM00342,0098,Văn học, Cơ sở 1,2024-07-18,2024-08-06,19.0,1,3000,15000
PM00356,0152,Kỹ thuật,Cơ sở 2 ,2024-06-07,2024-06-24,17.0,1,7000,21000
PM00615,0404,Ngoại ngữ,Cơ sở 1,2024-12-04,2024-12-25,21.0,2,5000,35000
PM00585,0475,Kinh tế,Cơ sở 1,29/09/2024,2024-10-14,15.0,0,3000,3000
PM00551,0258,Văn học,Cơ sở 1,2024-02-15,2024-02-26,11.0,0,3000,0
PM00848,0331,Văn học,Cơ sở 3,10/09/2024,2024-10-02,22.0,1,3000,24000
PM00716,0446,Kỹ thuật,Cơ sở 2,2024-07-22,2024-08-17,26.0,1,7000,84000
PM00478,0305,Kỹ thuật,Cơ sở 2,2024-06-23,2024-07-14,21.0,1,7000,49.000 đ
PM00890,0047,Kinh tế,Cơ sở 1,2024-05-11,2024-06-11,31.0,2,3000,51.000 đ
PM00513,0093,Kinh tế,Cơ sở 3,2024-08-10,2024-09-02,23.0,1,3000,27.000 đ
PM00784,0292,Văn học,Cơ sở 1,2024-12-10,,,1,3000,
PM00471,0300,Thiếu nhi,Cơ sở 1,2024-07-09,2024-07-24,15.0,1,3000,3000
PM00290,0209,Ngoại ngữ,Cơ sở 2,2024-12-21,2025-01-13,23.0,1,5000,45000
PM00511,0098,Kỹ thuật,Cơ sở 2,2024-07-28,2024-08-20,23.0,1,7000,63000
PM00811,0026,Kỹ thuật,Cơ sở 3,2024-09-09,2024-09-23,14.0,1,7000,0
PM00489,0279,Kỹ thuật,Cơ sở 3,2024-12-12,,,0,7000,
PM00388,0236,Văn học,Cơ sở 1,2024-11-13,2024-12-08,,1,3000,33000
PM00522,0453,Kỹ thuật,Cơ sở 2,2024-04-06,2024-05-08,32.0,2,7000,126000
PM00218,0363,Văn học,Cơ sở 1,2024-12-20,2025-01-06,17.0,1,3000,9000
PM00334,0084,Kinh tế,Cơ sở 1,2024-01-18,2024-02-08,21.0,1,3000,21000
PM00193,0330,Ngoại ngữ,Cơ sở 2,2024-09-17,2024-10-10,23.0,1,5000,45.000 đ
PM00150,0028,Văn học,Cơ sở 2,2024-07-16,2024-08-05,20.0,1,3000,18000
PM00543,0058,Kỹ thuật,Cơ sở 1,2024-08-15,2024-08-31,16.0,1,7000,14000
PM00307,0061,Ngoại ngữ,Cơ sở 2,2024-10-05,2024-10-25,20.0,1,5000,30000
PM00753,0140,Kinh tế,Cơ sở 2,2024-05-08,2024-05-20,12.0,1,3000,0
PM00812,0198,Kỹ thuật,Cơ sở 1,2024-02-19,2024-03-12,22.0,1,7000,56000
PM00555,0227,Kỹ thuật,Cơ sở 3,2024-07-21,2024-08-13,23.0,1,7000,63.000 đ
PM00741,0213,Kinh tế,Cơ sở 1,2024-01-21,2024-02-11,21.0,1,3000,21000
PM00730,0143,Văn học,Cơ sở 1,2024-08-10,2024-08-27,17.0,0,3000,9000
PM00641,0459,Kinh tế,Cơ sở 1,2024-03-16,2024-04-04,19.0,1,3000,15000
PM00372,0413,NGOẠI NGỮ,Cơ sở 1,2024-11-27,2024-12-05,8.0,0,5000,0
PM00892,0345,Ngoại ngữ,Cơ sở 1,2024-04-03,2024-04-19,16.0,1,5000,10000
PM00504,0322,Ngoại ngữ,Cơ sở 1,2024-02-13,2024-02-28,15.0,0,5000,5000
PM00635,0347,Văn học,Cơ sở 3,2024-12-26,2025-01-15,20.0,1,3000,18000
PM00426,0424,Kỹ thuật,Cơ sở 2,2024-06-20,2024-07-19,29.0,2,7000,105000
PM00773,0192,Kinh tế,Cơ sở 1,2024-06-14,2024-07-08,24.0,2,3000,30000
PM00023,0092,Thiếu nhi,Cơ sở 1,2024-08-16,2024-09-04,19.0,1,3000,15000
PM00438,0385,Kỹ thuật,Cơ sở 1,20/09/2024,2024-10-18,28.0,2,7000,98.000 đ
PM00942,0287,NGOẠI NGỮ,Cơ sở 1,2024-04-07,2024-04-23,16.0,1,5000,10000
PM00656,0411,Kinh tế,Cơ sở 1,2024-03-30,2024-04-20,21.0,1,3000,21000
PM00007,0067,Kinh tế,Cơ sở 3,2024-08-04,2024-08-17,13.0,1,3000,0
PM00358,0002,ky thuat,Cơ sở 3,2024-01-18,2024-02-09,22.0,1,7000,56000
PM00159,0335,Văn học,Cơ sở 3,2024-04-18,2024-04-28,10.0,0,3000,0
PM00501,0013,Văn học,Cơ sở 1,2024-02-02,2024-02-15,13.0,0,3000,0
PM00129,0164,Thiếu nhi,Cơ sở 2,2024-11-16,,,1,3000,
PM00651,0299,Kinh tế, Cơ sở 1,2024-03-20,,,1,3000,
PM00376,0212,Thiếu nhi,Cơ sở 3,2024-05-23,2024-06-01,9.0,0,3000,0
PM00325,0497,Kỹ thuật,Cơ sở 1,2024-01-23,,,1,7000,
PM00805,0266,Kỹ thuật,Cơ sở 1,2024-12-27,2025-01-18,22.0,1,7000,56.000 đ
PM00332,0184,Thiếu nhi,Cơ sở 1,2024-12-18,2025-01-03,16.0,0,3000,6000
PM00906,0431,Ngoại ngữ,Cơ sở 2,05/08/2024,2024-08-19,14.0,1,5000,0
PM00810,0366,Văn học,Cơ sở 1,2024-11-03,,,1,3000,
PM00370,0324,Ngoại ngữ,Cơ sở 3,2024-06-26,2024-07-08,,0,5000,0
PM00259,0432,Kinh tế,Cơ sở 1,2024-03-22,2024-04-15,24.0,1,3000,30000
PM00172,0445,NGOẠI NGỮ,Cơ sở 1,03/09/2024,2024-09-22,19.0,1,5000,25000
PM00830,0404,Văn học, Cơ sở 1,2024-03-08,2024-04-04,27.0,1,3000,39000
PM00446,0134,Văn học,Cơ sở 2,2024-04-05,2024-04-24,19.0,1,3000,15.000 đ
PM00816,0131,Kỹ thuật,Cơ sở 3,31/02/2024,2024-08-16,24.0,1,7000,70000
PM00300,0232,Kỹ thuật,Cơ sở 1,2024-06-07,2024-07-05,28.0,2,7000,98000
PM00669,0379,Văn học,Cơ sở 1,2024-03-23,2024-04-02,10.0,0,3000,0
PM00937,0339,Kỹ thuật,Cơ sở 1,2024-09-01,2024-09-22,21.0,2,7000,49000
PM00786,0192,Kinh tế,Cơ sở 2,30/09/2024,2024-10-17,17.0,1,3000,9.000 đ
PM00891,0184,Văn học,Cơ sở 3,2024-03-14,2024-04-04,21.0,1,3000,21000
PM00034,0260,Thiếu nhi,Cơ sở 2,2024-10-19,2024-11-02,14.0,0,3000,0
PM00627,0032,Ngoại ngữ, Cơ sở 1,23/03/2024,,,1,5000,
PM00671,0217,Kinh tế,Cơ sở 2,2024-06-04,2024-06-25,21.0,1,3000,21000
PM00170,0090,Thiếu nhi,Cơ sở 3,2024-05-26,2024-05-29,3.0,0,3000,0
PM00154,0268,Ngoại ngữ,Cơ sở 1,2024-11-17,,,1,5000,
PM00465,0406,Kinh tế,Cơ sở 2,2024-11-30,2024-12-20,20.0,1,3000,18000
PM00072,0180,Văn học,Cơ sở 2,2024-05-18,2024-06-01,14.0,0,3000,0
PM00477,0013,Thiếu nhi,Cơ sở 2,2024-10-10,2024-10-21,11.0,0,3000,0
PM00121,0260,Văn học,Cơ sở 1,2024-12-24,2025-01-21,28.0,1,3000,42000
PM00642,0091,Kỹ thuật,Cơ sở 2,2024-03-22,2024-04-27,36.0,1,7000,154000
PM00071,0156,Văn học,Cơ sở 1,2024-02-17,2024-03-05,17.0,1,3000,9000
PM00295,0164,Văn học,Cơ sở 1,2024-05-14,2024-05-22,,0,3000,0
PM00089,0090,Kinh tế,Cơ sở 2 ,2024-02-04,2024-02-14,10.0,0,3000,0
PM00601,0446,Kỹ thuật,Cơ sở 1,2024-11-21,2024-12-13,,1,7000,56000
PM00570,0115,Kỹ thuật,Cơ sở 3,2024-02-04,2024-02-23,19.0,1,7000,35000
PM00523,0159,Ngoại ngữ,Cơ sở 3,2024-12-24,,,2,5000,
PM00241,0366,Kinh tế,Cơ sở 2,2024-03-28,2024-04-14,17.0,1,3000,9000
PM00432,0108,ky thuat,Cơ sở 3,2024-12-05,2024-12-28,23.0,1,7000,63000
PM00820,0210,Kỹ thuật,Cơ sở 1,2024-09-12,2024-10-15,33.0,2,7000,133000
PM00564,0279,Kỹ thuật,Cơ sở 2,2024-08-04,2024-08-16,12.0,0,7000,0
PM00118,0029,ky thuat,Cơ sở 1,2024-06-01,2024-06-23,22.0,1,7000,56000
PM00394,0341,Văn học,Cơ sở 1,11/08/2024,2024-09-05,25.0,1,3000,33.000 đ
PM00075,0438,NGOẠI NGỮ,Cơ sở 3,11/10/2024,2024-11-03,23.0,1,5000,45000
PM00857,0356,Thiếu nhi,Cơ sở 2,2024-02-11,2024-02-27,16.0,0,3000,6.000 đ
PM00721,0204,Kinh tế, Cơ sở 1,2024-05-16,,,0,3000,
PM00539,0112,Kinh tế,Cơ sở 3,2024-03-02,2024-03-16,14.0,0,3000,0
PM00373,0273,Kỹ thuật,Cơ sở 1,14/11/2024,,,2,7000,
PM00412,0349,Kỹ thuật,Cơ sở 1,2024-07-30,2024-08-23,24.0,1,7000,70000
PM00457,0346,Ngoại ngữ,Cơ sở 2,2024-09-20,2024-10-10,20.0,1,5000,30000
PM00669,0379,Văn học,Cơ sở 1,2024-03-23,2024-04-02,10.0,0,3000,0
PM00458,0110,Ngoại ngữ,Cơ sở 1,2024-07-30,2024-08-26,27.0,1,5000,65000
PM00151,0083,Kỹ thuật,Cơ sở 1,2024-11-15,,,0,7000,
PM00687,0428,Kỹ thuật,Cơ sở 1,2024-05-31,2024-06-29,29.0,2,7000,105000
PM00648,0174,Thiếu nhi,Cơ sở 3,2024-10-14,2024-10-20,6.0,0,3000,0
PM00181,0014,Kỹ thuật,Cơ sở 1,21/05/2024,2024-06-12,22.0,1,7000,56000
PM00292,0036,Kỹ thuật,Cơ sở 1,25/12/2024,2025-01-14,20.0,1,7000,42000
PM00269,0367,Ngoại ngữ,Cơ sở 1,2024-02-22,2024-03-04,11.0,0,5000,0
PM00406,0324,Kinh tế,Cơ sở 1,2024-08-03,2024-08-11,8.0,0,3000,0
PM00321,0453,Văn học,Cơ sở 3,2024-07-27,2024-08-12,16.0,0,3000,6000
PM00693,0096,Văn học,Cơ sở 2,2024-08-14,2024-08-26,12.0,0,3000,0
PM00357,0014,Kinh tế,Cơ sở 1,2024-10-26,2024-11-05,10.0,0,3000,0
PM00630,0483,Kỹ thuật,Cơ sở 2,2024-10-24,2024-11-10,17.0,1,7000,21000
PM00739,0296,Văn học,Cơ sở 2,2024-04-09,2024-04-26,17.0,1,3000,9000
PM00258,0148,Văn học,Cơ sở 3,2024-03-18,2024-04-01,14.0,1,3000,0
PM00022,0168,Kỹ thuật,Cơ sở 2,2024-04-12,2024-05-06,24.0,2,7000,70.000 đ
PM00434,0343,Kinh tế,Cơ sở 2 ,2024-09-04,2024-09-20,16.0,0,3000,6000
PM00778,0366,Văn học,Cơ sở 1,2024-07-06,2024-07-09,3.0,0,3000,0
PM00682,0384,Kinh tế,Cơ sở 1,2024-06-14,2024-06-28,14.0,0,3000,0
PM00701,0149,Kinh tế,Cơ sở 3,2024-11-06,2024-11-16,10.0,0,3000,0
PM00827,0498,Kỹ thuật,Cơ sở 3,2024-09-04,2024-10-03,29.0,2,7000,105000
PM00119,0270,Kỹ thuật,Cơ sở 1,2024-07-15,2024-08-01,17.0,1,7000,21000
PM00837,0393,Văn học,Cơ sở 3,2024-06-15,,,0,3000,
PM00628,0343,Kỹ thuật,Cơ sở 1,2024-09-25,,,1,7000,
PM00541,0216,Kinh tế,Cơ sở 1,2024-01-06,2024-01-20,14.0,0,3000,0
PM00098,0181,Văn học,Cơ sở 1,2024-08-10,2024-08-22,12.0,1,3000,0
PM00298,0343,Kinh tế,Cơ sở 1,2024-03-18,2024-04-05,18.0,1,3000,12000
PM00599,0152,Văn học,CƠ SỞ 3,20/08/2024,2024-09-15,26.0,2,3000,36000
PM00254,0438,Thiếu nhi,Cơ sở 2 ,2024-01-25,2024-02-07,13.0,0,3000,0
PM00553,0426,Ngoại ngữ,Cơ sở 3,07/11/2024,2024-12-05,28.0,2,5000,70000
PM00755,0442,Kinh tế,Cơ sở 1,26/09/2024,2024-10-26,30.0,2,3000,48.000 đ
PM00110,0454,Kỹ thuật,Cơ sở 2,2024-06-24,2024-07-22,28.0,2,7000,98.000 đ
PM00156,0281,Kỹ thuật,Cơ sở 3,2024-06-12,,,2,7000,
PM00128,0386,Văn học,Cơ sở 1,2024-07-11,2024-08-03,23.0,1,3000,27000
PM00832,0060,Kỹ thuật,Cơ sở 1,2024-05-22,,,1,7000,
PM00715,0258,NGOẠI NGỮ,Cơ sở 2,2024-11-13,2024-11-28,15.0,1,5000,5.000 đ
PM00208,0240,ky thuat,Cơ sở 1,2024-08-01,2024-08-17,16.0,1,7000,14000
PM00063,0406,Kinh tế,Cơ sở 1,03/12/2024,2024-12-17,14.0,1,3000,0
PM00306,0230,Kỹ thuật,Cơ sở 1,2024-08-17,2024-09-17,,2,7000,119000
PM00138,0131,Thiếu nhi,Cơ sở 2,2024-12-25,,,1,3000,
PM00348,0148,Văn học,Cơ sở 2,2024-06-30,2024-06-18,-12.0,0,3000,0
PM00562,0081,Kỹ thuật,Cơ sở 1,21/11/2024,,,1,7000,
PM00397,0324,NGOẠI NGỮ,Cơ sở 1,2024-09-26,2024-10-13,17.0,1,5000,15000
PM00437,0033,Ngoại ngữ,Cơ sở 3,03/05/2024,2024-05-29,26.0,1,5000,60000
PM00021,0199,Kỹ thuật,Cơ sở 1,2024-09-01,2024-09-24,23.0,2,7000,63000
PM00685,0305,Kỹ thuật, Cơ sở 1,01/05/2024,2024-05-28,27.0,2,7000,91000
PM00915,0416,Ngoại ngữ,Cơ sở 3,2024-03-26,2024-04-09,14.0,0,5000,0
PM00425,0028,Kỹ thuật,Cơ sở 1,2024-01-04,2024-01-22,18.0,1,7000,28000
PM00221,0367,Kỹ thuật,Cơ sở 1,2024-12-26,2025-01-24,29.0,2,7000,105000
PM00102,0340,Kinh tế,Cơ sở 2 ,2024-04-16,2024-05-08,22.0,1,3000,24000
PM00818,0110,Thiếu nhi,Cơ sở 3,2024-01-08,2024-01-27,19.0,0,3000,15000
PM00761,0349,Kinh tế,Cơ sở 3,2024-05-03,2024-06-01,29.0,1,3000,45000
PM00774,0030,Kỹ thuật,Cơ sở 1,2024-12-16,2025-01-15,30.0,1,7000,112000
PM00491,0063,Kinh tế,Cơ sở 2,2024-04-04,2024-04-21,17.0,0,3000,9000
PM00224,0139,Kinh tế,Cơ sở 1,2024-01-21,2024-02-01,11.0,0,3000,0
PM00864,0472,Kinh tế,Cơ sở 1,31/07/2024,2024-08-13,13.0,0,3000,0
PM00815,0110,Kinh tế,CƠ SỞ 3,2024-12-07,2024-12-30,23.0,1,3000,27000
PM00888,0483,Kinh tế,Cơ sở 2,2024-06-30,2024-07-13,13.0,0,3000,0
PM00366,0409,Kỹ thuật,Cơ sở 2,2024-03-19,2024-03-30,11.0,0,7000,0
PM00943,0475,Thiếu nhi,Cơ sở 2,2024-09-04,2024-09-20,16.0,0,3000,6000
PM00289,0217,Ngoại ngữ,Cơ sở 2,31/02/2024,2024-07-10,14.0,0,5000,0
PM00683,0100,Kỹ thuật,Cơ sở 2,2024-05-28,2024-06-22,25.0,1,7000,77000
PM00938,0447,Kinh tế,Cơ sở 2,2024-09-12,,,0,3000,
PM00206,0030,Văn học,Cơ sở 3,2024-06-07,2024-06-18,11.0,1,3000,0
PM00911,0269,Kinh tế,Cơ sở 2,2024-08-16,2024-09-03,18.0,1,3000,12000
PM00646,0483,ky thuat,Cơ sở 3,09/06/2024,2024-07-01,22.0,1,7000,56000
PM00797,0231,ky thuat,Cơ sở 1,2024-11-30,2024-12-26,26.0,2,7000,84000
PM00720,0307,Ngoại ngữ,Cơ sở 2,2024-09-08,2024-09-25,17.0,0,5000,15000
PM00697,0361,Kinh tế,Cơ sở 2,2024-12-21,,,0,3000,
PM00361,0066,Thiếu nhi,Cơ sở 1,2024-04-26,2024-05-11,15.0,0,3000,3000
PM00015,0120,Văn học,Cơ sở 2,22/03/2024,2024-04-08,17.0,1,3000,9000
PM00744,0181,Kỹ thuật,Cơ sở 2,07/04/2024,2024-04-24,17.0,1,7000,21.000 đ
PM00062,0132,Ngoại ngữ,Cơ sở 2,2024-02-06,2024-02-28,22.0,2,5000,40000
PM00424,0315,ky thuat,Cơ sở 2,08/04/2024,,,1,7000,
PM00568,0144,Ngoại ngữ,Cơ sở 2,2024-05-30,2024-07-05,36.0,2,5000,110.000 đ
PM00182,0446,Văn học,Cơ sở 3,2024-04-15,2024-05-11,26.0,1,3000,36000
PM00617,0405,Kinh tế,Cơ sở 1,09/09/2024,2024-09-22,13.0,0,3000,0
PM00084,0208,Kinh tế,Cơ sở 1,2024-07-17,2024-08-09,23.0,1,3000,27.000 đ
PM00125,0117,Kỹ thuật,Cơ sở 1,2024-07-10,2024-07-19,9.0,0,7000,0
PM00696,0454,Kỹ thuật,Cơ sở 3,2024-12-25,2025-01-16,22.0,1,7000,56000
PM00449,0374,Thiếu nhi, Cơ sở 1,2024-09-08,2024-09-11,3.0,0,3000,0
PM00383,0098,Kỹ thuật,Cơ sở 3,2024-03-16,2024-04-16,31.0,3,7000,119000
PM00498,0022,Văn học,Cơ sở 1,2024-09-27,2024-10-05,,0,3000,0
PM00288,0159,Kinh tế,Cơ sở 1,2024-03-07,2024-03-27,20.0,1,3000,18000
PM00396,0350,Kỹ thuật,Cơ sở 2,2024-10-19,2024-11-12,24.0,1,7000,70000
PM00598,0201,Văn học,Cơ sở 2,2024-02-22,2024-02-26,4.0,0,3000,0
PM00078,0061,Ngoại ngữ,Cơ sở 2,2024-03-15,2024-04-08,24.0,1,5000,50000
PM00185,0170,Kinh tế,Cơ sở 2,2024-06-05,2024-06-27,22.0,1,3000,24000
PM00710,0115,Ngoại ngữ,Cơ sở 3,2024-09-09,2024-09-25,16.0,0,5000,10000
PM00056,0252,Văn học,Cơ sở 1,2024-11-15,,,0,3000,
PM00625,0440,Kinh tế,Cơ sở 1,2024-03-15,2024-03-27,12.0,1,3000,0
PM00514,0334,Văn học,Cơ sở 1,15/11/2024,,,1,3000,
PM00833,0310,Thiếu nhi,Cơ sở 1,2024-08-04,2024-08-20,16.0,0,3000,6000
PM00166,0365,Văn học,Cơ sở 1,2024-08-03,2024-08-18,,1,3000,3000
PM00897,0165,Văn học, Cơ sở 1,2024-06-27,2024-07-13,16.0,0,3000,6000
PM00776,0360,Ngoại ngữ,Cơ sở 2 ,11/05/2024,2024-06-01,21.0,1,5000,35000
PM00268,0021,Kinh tế, Cơ sở 1,2024-06-20,2024-07-02,12.0,0,3000,0
PM00116,0168,Kỹ thuật,Cơ sở 2,15/02/2024,2024-03-09,23.0,1,7000,63000
PM00171,0018,ky thuat,Cơ sở 2,2024-02-03,2024-02-19,16.0,0,7000,14000
PM00311,0231,Kinh tế,Cơ sở 2,2024-02-05,2024-02-22,17.0,1,3000,9000
PM00644,0123,Kinh tế,Cơ sở 1,2024-09-30,2024-10-24,24.0,1,3000,30000
PM00421,0013,Văn học,Cơ sở 1,2024-07-03,2024-07-16,13.0,0,3000,0
PM00199,0021,Thiếu nhi,Cơ sở 2,08/03/2024,2024-03-19,11.0,0,3000,0
PM00790,0476,Văn học,Cơ sở 2,2024-09-12,2024-09-25,13.0,0,3000,0
PM00653,0009,Văn học,Cơ sở 2,2024-03-30,2024-04-26,27.0,1,3000,39000
PM00014,0296,Văn học,Cơ sở 2,2024-03-25,2024-04-17,23.0,1,3000,27.000 đ
PM00763,0082,Kinh tế,Cơ sở 1,2024-11-14,2024-11-27,13.0,1,3000,0
PM00219,0052,Thiếu nhi,Cơ sở 1,2024-11-08,2024-11-15,7.0,0,3000,0
PM00212,0269,Kinh tế,Cơ sở 3,2024-08-02,2024-08-23,21.0,1,3000,21000
PM00743,0053,Kinh tế, Cơ sở 1,2024-08-16,2024-09-10,25.0,1,3000,33000
PM00131,0500,Kinh tế,Cơ sở 1,2024-12-18,2025-01-01,14.0,1,3000,0
PM00395,0224,Kinh tế,Cơ sở 3,2024-07-02,2024-07-20,18.0,1,3000,12000
PM00534,0066,Thiếu nhi,Cơ sở 3,2024-12-08,2024-12-20,12.0,0,3000,0
PM00200,0441,Thiếu nhi,Cơ sở 1,2024-09-11,2024-09-14,3.0,0,3000,0
PM00055,0176,Kỹ thuật,Cơ sở 2,2024-04-05,2024-05-04,29.0,2,7000,105000
PM00542,0349,Kỹ thuật,Cơ sở 1,2024-08-02,2024-08-25,23.0,1,7000,63.000 đ
PM00946,0300,Thiếu nhi,Cơ sở 2,2024-02-04,2024-02-24,20.0,0,3000,18000
PM00907,0120,Kinh tế,Cơ sở 2,2024-07-18,2024-07-26,8.0,0,3000,0
PM00945,0430,Kinh tế,Cơ sở 2,2024-02-02,2024-02-09,7.0,0,3000,0
PM00546,0460,Kỹ thuật,Cơ sở 2,2024-09-30,2024-10-30,30.0,2,7000,112000
PM00558,0328,Văn học, Cơ sở 1,2024-12-30,2025-01-09,10.0,0,3000,0
PM00557,0092,Kỹ thuật,Cơ sở 2,2024-11-19,2024-12-13,24.0,1,7000,70000
PM00657,0155,Kỹ thuật,Cơ sở 2,2024-04-26,2024-05-17,21.0,1,7000,49000
PM00330,0401,Kỹ thuật,Cơ sở 3,2024-06-03,2024-06-26,23.0,1,7000,63.000 đ
PM00703,0139,NGOẠI NGỮ,Cơ sở 3,2024-05-02,,,1,5000,
PM00747,0413,Thiếu nhi,Cơ sở 2,2024-02-24,2024-03-02,7.0,0,3000,0
PM00794,0373,Kỹ thuật,Cơ sở 3,02/12/2024,2024-12-27,25.0,1,7000,77.000 đ
PM00398,0272,Văn học,Cơ sở 1,2024-02-03,2024-02-27,24.0,1,3000,30000
PM00532,0243,Kỹ thuật,Cơ sở 2,2024-04-15,2024-05-08,23.0,1,7000,63.000 đ
PM00593,0023,Ngoại ngữ,Cơ sở 1,2024-07-18,2024-07-26,8.0,0,5000,0
PM00148,0191,Kỹ thuật,Cơ sở 2,2024-06-12,,,1,7000,
PM00280,0149,Kinh tế,Cơ sở 2,2024-11-24,2024-12-10,16.0,1,3000,6000
PM00931,0446,Kỹ thuật,Cơ sở 2,2024-03-21,,,1,7000,
PM00255,0005,Kỹ thuật,Cơ sở 1,2024-09-17,2024-10-20,33.0,2,7000,133000
PM00354,0359,Ngoại ngữ,Cơ sở 3,12/02/2024,2024-02-20,8.0,0,5000,0
PM00729,0258,ky thuat,Cơ sở 2,2024-11-12,,,2,7000,
PM00054,0056,Kinh tế,Cơ sở 1,2024-03-08,2024-03-26,18.0,1,3000,12.000 đ
PM00393,0289,Kỹ thuật,Cơ sở 2,2024-07-05,2024-07-22,17.0,1,7000,21000
PM00720,0307,Ngoại ngữ,Cơ sở 2,2024-09-08,2024-09-25,17.0,0,5000,15000
PM00762,0309,Kinh tế,CƠ SỞ 3,2024-03-14,,,1,3000,
PM00231,0365,ky thuat,Cơ sở 3,2024-06-21,2024-07-14,23.0,1,7000,63000
PM00538,0434,Kỹ thuật,Cơ sở 2,2024-02-25,2024-03-19,23.0,1,7000,63000
PM00147,0201,ky thuat,Cơ sở 2,2024-08-16,2024-09-03,18.0,1,7000,28000
PM00894,0171,Văn học,Cơ sở 1,2024-01-20,2024-02-07,18.0,0,3000,12000
PM00844,0343,Kỹ thuật,Cơ sở 2,2024-03-18,,,1,7000,
PM00515,0406,Kỹ thuật,Cơ sở 2,2024-01-12,,,2,7000,
PM00917,0106,Kỹ thuật,Cơ sở 1,2024-02-17,2024-03-01,13.0,0,7000,0
PM00087,0045,Thiếu nhi,Cơ sở 2,2024-05-22,2024-06-07,16.0,1,3000,6000
PM00220,0148,Văn học,Cơ sở 1,2024-04-13,2024-04-30,17.0,1,3000,9000
PM00297,0124,Kỹ thuật,Cơ sở 1,08/09/2024,2024-10-01,23.0,1,7000,63000
PM00768,0464,ky thuat,Cơ sở 1,2024-06-12,2024-07-06,24.0,1,7000,70000
PM00708,0476,Văn học,Cơ sở 3,2024-05-28,2024-06-01,4.0,0,3000,0
PM00045,0227,Văn học,Cơ sở 3,14/11/2024,2024-12-05,21.0,1,3000,21000
PM00175,0235,Kinh tế,Cơ sở 1,2024-05-29,2024-06-11,13.0,0,3000,0
PM00302,0150,Văn học,Cơ sở 1,2024-07-03,2024-07-20,,1,3000,9000
PM00400,0114,Thiếu nhi,Cơ sở 2,2024-08-31,2024-09-07,7.0,0,3000,0
PM00746,0118,Kinh tế,Cơ sở 1,2024-05-13,2024-06-10,28.0,1,3000,42000
PM00540,0424,Kỹ thuật, Cơ sở 1,2024-06-10,2024-07-18,38.0,3,7000,168000
PM00140,0083,Kinh tế,Cơ sở 1,2024-05-29,2024-06-12,14.0,0,3000,0
PM00163,0142,Văn học,Cơ sở 2,2024-07-26,,,0,3000,
PM00347,0240,Kinh tế,Cơ sở 1,2024-09-12,2024-09-22,10.0,0,3000,0
PM00366,0409,Kỹ thuật,Cơ sở 2,2024-03-19,2024-03-30,11.0,0,7000,0
PM00195,0315,Ngoại ngữ,Cơ sở 1,2024-09-14,2024-10-11,27.0,1,5000,65.000 đ
PM00611,0238,Ngoại ngữ,Cơ sở 1,2024-11-01,,,2,5000,
PM00752,0230,Văn học,Cơ sở 1,2024-04-10,,,0,3000,
PM00348,0148,Văn học,Cơ sở 2,2024-06-30,2024-06-18,-12.0,0,3000,0
PM00596,0268,Văn học,Cơ sở 2,2024-10-17,2024-11-10,24.0,2,3000,30.000 đ
PM00281,0011,Văn học,Cơ sở 2,2024-10-06,2024-10-20,14.0,0,3000,0
PM00725,0105,Kỹ thuật,Cơ sở 1,2024-11-29,2024-12-27,28.0,1,7000,98000
PM00836,0236,Kỹ thuật,Cơ sở 2,2024-09-08,2024-10-02,24.0,1,7000,70.000 đ
PM00785,0379,Kinh tế,Cơ sở 1,2024-05-02,2024-05-20,18.0,1,3000,12000
PM00826,0447,Kinh tế,Cơ sở 1,2024-07-15,2024-08-10,26.0,2,3000,36000
PM00204,0336,Kinh tế,Cơ sở 2,2024-12-18,2024-12-24,66.0,0,3000,0
PM00010,0434,Ngoại ngữ,Cơ sở 3,2024-10-20,,,0,5000,
PM00571,0069,Kỹ thuật,CƠ SỞ 3,2024-04-11,2024-04-28,17.0,0,7000,21000
PM00566,0381,Văn học,Cơ sở 2,2024-08-18,2024-09-12,25.0,0,3000,33.000 đ
PM00485,0238,Thiếu nhi,Cơ sở 1,2024-08-19,2024-08-29,10.0,0,3000,0
PM00263,0222,Ngoại ngữ,Cơ sở 1,2024-12-08,2025-01-01,24.0,2,5000,50000
PM00271,0258,Ngoại ngữ,Cơ sở 1,2024-12-29,2025-01-17,19.0,1,5000,25000
PM00692,0162,Văn học,Cơ sở 1,2024-01-18,2024-02-04,17.0,0,3000,9000
PM00495,0201,Văn học,Cơ sở 2,18/10/2024,2024-10-30,12.0,0,3000,0
PM00286,0334,Kỹ thuật,Cơ sở 1,2024-11-06,,,0,7000,
PM00445,0499,Kinh tế,Cơ sở 1,04/08/2024,2024-08-31,27.0,1,3000,39000
PM00821,0449,Ngoại ngữ,Cơ sở 3,25/06/2024,2024-07-18,23.0,2,5000,45000
PM00929,0021,Ngoại ngữ,Cơ sở 3,2024-04-20,2024-05-09,19.0,1,5000,25000
PM00802,0112,Văn học,Cơ sở 1,2024-01-21,2024-01-31,10.0,0,3000,0
PM00100,0243,Văn học,Cơ sở 1,2024-04-15,2024-05-03,18.0,1,3000,12000
PM00603,0404,Văn học,Cơ sở 1,2024-05-15,2024-06-03,19.0,0,3000,15.000 đ
PM00496,0198,Kinh tế,Cơ sở 2,2024-06-25,2024-07-13,18.0,0,3000,12000
PM00433,0316,Văn học,Cơ sở 1,2024-04-22,2024-04-28,6.0,0,3000,0
PM00927,0084,Kinh tế,Cơ sở 2,2024-10-31,2024-11-26,26.0,2,3000,36000
PM00167,0344,Kinh tế,Cơ sở 3,2024-08-01,2024-08-14,13.0,0,3000,0
PM00162,0405,Ngoại ngữ,Cơ sở 2 ,2024-06-02,2024-06-18,16.0,0,5000,10000
PM00137,0186,Kỹ thuật,Cơ sở 3,2024-10-07,2024-11-07,31.0,2,7000,119000
PM00835,0304,Thiếu nhi,Cơ sở 2,09/03/2024,2024-03-13,4.0,0,3000,0
PM00017,0222,Kỹ thuật,Cơ sở 2,2024-11-23,2024-12-10,17.0,0,7000,21000
PM00114,0230,Ngoại ngữ, Cơ sở 1,2024-09-25,2024-10-17,,0,5000,40000
PM00008,0099,Kinh tế,Cơ sở 2,2024-08-28,2024-09-07,10.0,0,3000,0
PM00196,0065,Văn học,Cơ sở 2,2024-03-10,2024-03-26,16.0,1,3000,6.000 đ
PM00618,0370,Thiếu nhi,Cơ sở 1,30/07/2024,2024-08-14,15.0,0,3000,3000
PM00174,0212,Kinh tế,Cơ sở 1,2024-04-29,2024-05-11,12.0,0,3000,0
PM00853,0165,Kinh tế,Cơ sở 2,2024-05-11,2024-05-20,9.0,0,3000,0
PM00619,0207,Kinh tế,Cơ sở 3,2024-02-05,2024-02-24,,2,3000,15000
PM00771,0430,Ngoại ngữ,Cơ sở 2,2024-07-24,2024-08-19,26.0,1,5000,60000
PM00474,0234,Kỹ thuật,Cơ sở 1,2024-04-22,2024-05-25,33.0,2,7000,133000
PM00205,0178,Kinh tế,Cơ sở 2,2024-09-28,2024-10-06,8.0,0,3000,0
PM00822,0137,Văn học,Cơ sở 3,2024-12-28,2025-01-18,21.0,2,3000,21000
PM00734,0458,Văn học,Cơ sở 2,2024-04-26,,,1,3000,
PM00486,0238,Kinh tế,Cơ sở 2,2024-07-22,2024-08-10,19.0,0,3000,15000
PM00879,0060,Kinh tế,Cơ sở 2,2024-01-27,2024-02-19,23.0,1,3000,27000
PM00732,0151,Văn học,Cơ sở 2,2024-11-06,2024-11-23,17.0,0,3000,9.000 đ
PM00004,0282,Kinh tế,Cơ sở 3,2024-06-16,2024-07-04,18.0,1,3000,12.000 đ
PM00378,0367,Văn học,Cơ sở 3,2024-05-17,2024-06-05,19.0,1,3000,15000
PM00717,0381,Thiếu nhi,Cơ sở 2,2024-08-17,2024-08-22,5.0,0,3000,0
PM00359,0261,Kinh tế,Cơ sở 3,2024-06-29,2024-07-15,16.0,1,3000,6000
PM00889,0093,Kinh tế,Cơ sở 3,2024-07-19,2024-08-07,19.0,1,3000,15000
PM00277,0144,Kinh tế, Cơ sở 1,2024-11-11,,,0,3000,
PM00267,0316,Văn học,Cơ sở 2,2024-12-03,2024-12-06,3.0,0,3000,0
PM00613,0182,Thiếu nhi,Cơ sở 1,29/07/2024,2024-08-05,7.0,0,3000,0
PM00230,0481,Kinh tế,Cơ sở 1,2024-12-16,2025-01-03,18.0,1,3000,12.000 đ
PM00861,0263,ky thuat,Cơ sở 1,2024-07-19,,,1,7000,
PM00750,0062,Thiếu nhi,Cơ sở 1,2024-06-23,2024-07-07,14.0,0,3000,0
PM00446,0134,Văn học,Cơ sở 2,2024-04-05,2024-04-24,19.0,1,3000,15.000 đ
PM00374,0002,Thiếu nhi,Cơ sở 3,27/08/2024,2024-09-22,26.0,1,3000,36000
PM00588,0438,Văn học,Cơ sở 3,2024-03-18,2024-03-28,10.0,0,3000,0
PM00485,0238,Thiếu nhi,Cơ sở 1,2024-08-19,2024-08-29,10.0,0,3000,0
PM00117,0372,Văn học,Cơ sở 2 ,2024-02-13,2024-02-18,5.0,0,3000,0
PM00223,0349,Kinh tế,Cơ sở 1,2024-04-13,2024-04-26,13.0,1,3000,0
PM00459,0049,Văn học,Cơ sở 1,2024-02-14,2024-03-01,16.0,0,3000,6.000 đ
PM00201,0313,Văn học,Cơ sở 3,2024-02-02,2024-02-12,10.0,0,3000,0
PM00550,0313,Kinh tế,Cơ sở 1,2024-12-01,2024-12-18,17.0,0,3000,9.000 đ
PM00698,0485,Kỹ thuật,Cơ sở 1,2024-07-04,2024-08-04,31.0,2,7000,119000
PM00343,0386,NGOẠI NGỮ, Cơ sở 1,2024-08-19,2024-09-10,22.0,1,5000,40000
PM00796,0231,Thiếu nhi,Cơ sở 2,2024-01-23,2024-02-07,153.0,0,3000,3000
PM00760,0112,Kinh tế,Cơ sở 1,2024-03-01,2024-03-20,19.0,1,3000,15000
PM00867,0126,Kỹ thuật,Cơ sở 2,24/05/2024,2024-06-18,25.0,2,7000,77.000 đ
PM00826,0447,Kinh tế,Cơ sở 1,2024-07-15,2024-08-10,26.0,2,3000,36000
PM00392,0143,Thiếu nhi,Cơ sở 3,2024-09-28,2024-10-01,3.0,0,3000,0
PM00664,0342,Văn học, Cơ sở 1,2024-06-13,2024-06-25,12.0,0,3000,0
PM00518,0199,Văn học,Cơ sở 2,2024-08-17,2024-09-01,15.0,0,3000,3000
PM00480,0021,Kỹ thuật,Cơ sở 3,2024-07-18,2024-08-18,31.0,1,7000,119000
PM00035,0121,ky thuat,Cơ sở 1,19/11/2024,2024-12-10,21.0,1,7000,49000
PM00652,0445,Ngoại ngữ,Cơ sở 3,2024-01-16,2024-02-04,19.0,0,5000,25.000 đ
PM00009,0448,Ngoại ngữ,Cơ sở 1,2024-08-13,2024-09-04,22.0,1,5000,40000
PM00527,0022,Văn học,CƠ SỞ 3,2024-07-25,,,0,3000,
PM00926,0217,Văn học,Cơ sở 1,2024-03-04,2024-03-21,17.0,1,3000,9000
PM00320,0004,Kinh tế,Cơ sở 1,2024-05-26,2024-06-05,10.0,0,3000,0
PM00441,0081,Văn học,Cơ sở 2,14/01/2024,2024-01-24,10.0,0,3000,0
PM00526,0496,Thiếu nhi,Cơ sở 1,2024-03-21,,,0,3000,
PM00880,0421,Thiếu nhi,Cơ sở 1,2024-05-23,2024-05-28,5.0,0,3000,0
PM00349,0130,Kỹ thuật,Cơ sở 1,2024-11-06,2024-12-08,32.0,3,7000,126000
PM00095,0314,Kỹ thuật,Cơ sở 1,2024-04-25,2024-05-17,22.0,1,7000,56000
PM00544,0462,Ngoại ngữ,Cơ sở 2,2024-12-03,2024-12-25,,2,5000,40000
PM00678,0245,Văn học,Cơ sở 2,2024-02-14,2024-03-12,27.0,1,3000,39000
PM00210,0149,Văn học,Cơ sở 2,2024-08-02,2024-08-26,24.0,1,3000,30000
PM00176,0265,NGOẠI NGỮ,Cơ sở 2,2024-09-19,2024-10-14,25.0,2,5000,55000
PM00481,0056,Thiếu nhi,Cơ sở 1,2024-01-13,2024-01-25,12.0,1,3000,0
PM00282,0141,Văn học,Cơ sở 3,16/02/2024,2024-03-07,20.0,1,3000,18000
PM00107,0268,Văn học,Cơ sở 2,2024-03-13,2024-03-19,6.0,0,3000,0
PM00852,0216,Kỹ thuật,Cơ sở 1,2024-07-27,2024-08-26,30.0,2,7000,112000
PM00252,0099,Văn học,Cơ sở 2,2024-01-10,2024-02-03,24.0,1,3000,30000
PM00918,0174,Văn học,Cơ sở 2,2024-06-22,2024-06-30,8.0,0,3000,0
PM00390,0035,Kinh tế,Cơ sở 1,2024-07-05,2024-07-21,16.0,0,3000,6000
PM00947,0094,Văn học,Cơ sở 2,2024-10-05,2024-10-10,5.0,0,3000,0
PM00850,0082,Kinh tế,Cơ sở 1,2024-08-29,2024-09-05,7.0,0,3000,0
PM00328,0369,Văn học,Cơ sở 2,2024-03-19,,,1,3000,
PM00013,0240,Ngoại ngữ,Cơ sở 1,2024-04-20,2024-05-02,12.0,0,5000,0
PM00789,0085,Văn học,Cơ sở 1,2024-01-28,2024-02-09,12.0,1,3000,0
PM00602,0211,Kỹ thuật,Cơ sở 1,2024-08-12,2024-09-04,23.0,1,7000,63000
PM00695,0162,Văn học,Cơ sở 3,2024-11-17,2024-11-30,13.0,0,3000,0
PM00214,0149,Ngoại ngữ,Cơ sở 3,2024-01-28,2024-02-12,15.0,0,5000,5000
PM00217,0139,Ngoại ngữ,Cơ sở 2,2024-05-02,2024-05-28,26.0,2,5000,60000
PM00649,0500,Văn học,Cơ sở 3,2024-06-08,2024-07-04,26.0,1,3000,36000
PM00423,0025,Thiếu nhi,Cơ sở 1,2024-10-30,,,0,3000,
PM00568,0144,Ngoại ngữ,Cơ sở 2,2024-05-30,2024-07-05,36.0,2,5000,110.000 đ
PM00422,0348,Kinh tế,Cơ sở 1,20/12/2024,,,1,3000,
PM00069,0172,Kinh tế,Cơ sở 3,2024-05-17,2024-05-26,9.0,0,3000,0
PM00554,0496,Ngoại ngữ,Cơ sở 2,2024-04-14,2024-05-09,25.0,1,5000,55000
PM00086,0309,Kinh tế,Cơ sở 2,2024-01-02,2024-01-21,19.0,1,3000,15000
PM00742,0153,Thiếu nhi,Cơ sở 2,2024-03-23,2024-04-05,13.0,0,3000,0
PM00467,0485,Văn học,Cơ sở 2,2024-07-01,2024-07-19,18.0,1,3000,12000
PM00430,0335,Kinh tế,Cơ sở 3,2024-03-01,2024-03-17,16.0,1,3000,6000
PM00418,0140,Kinh tế,Cơ sở 1,2024-01-17,2024-01-29,12.0,0,3000,0
PM00724,0313,Văn học,Cơ sở 3,17/09/2024,2024-10-01,14.0,1,3000,0
PM00197,0179,Kỹ thuật,Cơ sở 3,2024-03-08,2024-04-13,36.0,2,7000,154.000 đ
PM00817,0112,Ngoại ngữ,Cơ sở 1,2024-04-19,2024-05-12,23.0,1,5000,45.000 đ
PM00285,0140,Văn học,Cơ sở 3,09/10/2024,2024-11-09,31.0,2,3000,51000
PM00112,0425,Kỹ thuật,Cơ sở 3,2024-12-28,2025-01-13,16.0,1,7000,14000
PM00545,0067,Kinh tế,Cơ sở 3,2024-02-27,2024-03-09,11.0,0,3000,0
PM00856,0067,Kinh tế,Cơ sở 1,2024-02-22,2024-03-19,26.0,1,3000,36000
PM00883,0004,Kỹ thuật,Cơ sở 3,2024-03-27,2024-04-24,28.0,1,7000,98000
PM00500,0435,NGOẠI NGỮ, Cơ sở 1,2024-03-23,2024-04-20,28.0,2,5000,70000
PM00291,0280,ky thuat,Cơ sở 3,2024-10-10,2024-11-05,26.0,1,7000,84000
PM00389,0405,Kỹ thuật,Cơ sở 3,2024-05-28,,,1,7000,
PM00360,0170,Kinh tế,Cơ sở 2,2024-04-16,2024-04-29,13.0,0,3000,0
PM00407,0215,Thiếu nhi,Cơ sở 3,2024-08-12,2024-08-31,19.0,0,3000,15000
PM00365,0415,Thiếu nhi,Cơ sở 3,2024-02-04,2024-02-12,8.0,0,3000,0
PM00525,0278,Văn học,Cơ sở 1,2024-04-22,,,0,3000,
PM00575,0340,Văn học,Cơ sở 2,2024-03-23,2024-04-12,20.0,1,3000,18000
PM00783,0497,Kỹ thuật,Cơ sở 2,2024-11-25,,,2,7000,
PM00113,0421,Kỹ thuật,Cơ sở 2,2024-12-03,,,1,7000,
PM00103,0396,Văn học,Cơ sở 1,2024-11-11,2024-11-27,16.0,1,3000,6000
PM00415,0270,Kỹ thuật,Cơ sở 2,2024-12-03,2024-12-23,20.0,0,7000,42000
PM00590,0009,Kỹ thuật,Cơ sở 3,2024-05-21,,,1,7000,
PM00191,0250,Kỹ thuật,Cơ sở 1,2024-06-21,2024-07-18,,1,7000,91000
PM00875,0344,Kinh tế,Cơ sở 3,2024-02-28,2024-03-24,25.0,1,3000,33000
PM00675,0342,NGOẠI NGỮ,Cơ sở 2 ,2024-01-29,2024-01-08,-21.0,1,5000,35000
PM00053,0275,Kỹ thuật,Cơ sở 1,2024-01-07,2024-01-29,22.0,1,7000,56000
PM00029,0335,Văn học,Cơ sở 1,2024-07-18,2024-07-27,9.0,0,3000,0
PM00066,0488,Kỹ thuật,Cơ sở 1,2024-01-01,2024-01-18,17.0,2,7000,21000
PM00903,0180,Văn học,Cơ sở 1,2024-04-27,2024-05-11,14.0,1,3000,0
PM00862,0153,Thiếu nhi,Cơ sở 2,2024-02-11,2024-02-23,12.0,0,3000,0
PM00595,0378,Kỹ thuật,Cơ sở 2,2024-07-01,,,1,7000,
PM00309,0317,Kỹ thuật,Cơ sở 3,2024-03-02,2024-03-21,19.0,1,7000,35000
PM00387,0460,Kỹ thuật,Cơ sở 1,2024-09-22,2024-10-17,25.0,2,7000,77000
PM00355,0414,Kinh tế, Cơ sở 1,19/09/2024,2024-10-10,21.0,1,3000,21000
PM00719,0131,Văn học,Cơ sở 2,2024-02-20,2024-03-19,28.0,1,3000,42.000 đ
PM00160,0305,Ngoại ngữ,Cơ sở 2,2024-05-20,2024-06-11,22.0,1,5000,40000
PM00187,0496,Thiếu nhi,Cơ sở 3,2024-01-26,2024-02-18,23.0,1,3000,27.000 đ
PM00245,0014,Kỹ thuật,Cơ sở 2,2024-12-17,2025-01-13,27.0,2,7000,91000
PM00769,0492,Thiếu nhi,Cơ sở 1,2024-10-06,2024-10-21,15.0,1,3000,3000
PM00882,0366,Kỹ thuật,Cơ sở 1,18/09/2024,2024-10-11,23.0,2,7000,63.000 đ
PM00158,0050,Kỹ thuật,Cơ sở 2,2024-09-27,2024-10-18,21.0,1,7000,49000
PM00127,0419,Kinh tế,Cơ sở 2,2024-10-21,2024-10-24,3.0,0,3000,0
PM00323,0272,Văn học,Cơ sở 1,2024-06-17,2024-07-03,,0,3000,6000
PM00455,0120,Văn học, Cơ sở 1,2024-02-09,2024-02-27,18.0,1,3000,12000
PM00213,0390,Văn học,Cơ sở 1,2024-10-21,2024-11-17,27.0,2,3000,39000
PM00104,0110,Kỹ thuật,Cơ sở 2,2024-03-30,2024-04-19,20.0,1,7000,42000
PM00666,0031,Kinh tế,Cơ sở 1,16/04/2024,2024-05-11,25.0,1,3000,33000
PM00521,0072,Ngoại ngữ,Cơ sở 2,30/09/2024,2024-10-21,21.0,1,5000,35000
PM00884,0270,Kỹ thuật,Cơ sở 2,24/12/2024,2025-01-24,31.0,1,7000,119000
PM00229,0112,Văn học,Cơ sở 1,2024-07-29,2024-08-23,25.0,1,3000,33.000 đ
PM00160,0305,Ngoại ngữ,Cơ sở 2,2024-05-20,2024-06-11,22.0,1,5000,40000
PM00183,0164,Ngoại ngữ,Cơ sở 2,2024-10-20,2024-11-02,13.0,1,5000,0
PM00686,0426,Kinh tế,Cơ sở 3,2024-11-26,2024-12-16,20.0,1,3000,18000
PM00712,0155,Kinh tế,Cơ sở 2,2024-08-06,2024-08-18,12.0,0,3000,0
PM00198,0427,Thiếu nhi,Cơ sở 2 ,2024-10-25,2024-11-09,15.0,1,3000,3000
PM00463,0161,Ngoại ngữ,Cơ sở 1,2024-12-23,2024-12-29,6.0,0,5000,0
PM00452,0031,Ngoại ngữ,Cơ sở 2,2024-09-11,2024-10-13,32.0,2,5000,90000
PM00934,0469,ky thuat,Cơ sở 1,2024-01-04,2024-01-26,22.0,2,7000,56000
PM00878,0124,Văn học,Cơ sở 1,2024-03-16,2024-04-03,18.0,0,3000,12000
PM00809,0017,Thiếu nhi,Cơ sở 1,2024-04-05,2024-04-19,14.0,0,3000,0
PM00487,0146,Thiếu nhi,Cơ sở 1,2024-03-30,2024-04-05,6.0,0,3000,0
PM00051,0485,ky thuat,Cơ sở 1,2024-03-30,2024-04-17,18.0,1,7000,28000
PM00416,0314,Kinh tế,Cơ sở 3,2024-11-29,,,0,3000,
PM00677,0079,Kỹ thuật,Cơ sở 1,04/05/2024,2024-06-03,30.0,2,7000,112000
PM00367,0109,Ngoại ngữ,Cơ sở 1,26/12/2024,2025-01-23,28.0,1,5000,70.000 đ
PM00535,0159,Kỹ thuật,Cơ sở 2 ,2024-01-13,2024-01-30,17.0,1,7000,21000
PM00235,0471,Ngoại ngữ,Cơ sở 1,2024-08-24,2024-09-09,16.0,1,5000,10000
PM00490,0426,Văn học,Cơ sở 1,2024-02-23,2024-03-17,23.0,0,3000,27000
PM00923,0192,Kinh tế,Cơ sở 2,18/02/2024,2024-03-11,22.0,1,3000,24.000 đ
PM00582,0198,Ngoại ngữ,Cơ sở 3,2024-11-05,2024-12-01,26.0,1,5000,60000
PM00402,0288,Kinh tế,Cơ sở 2,2024-11-08,2024-11-23,15.0,0,3000,3000
PM00439,0122,Ngoại ngữ,Cơ sở 1,2024-12-02,2024-12-18,16.0,1,5000,10000
PM00528,0359,Ngoại ngữ,Cơ sở 3,2024-02-15,2024-03-04,18.0,1,5000,20000
PM00913,0091,Ngoại ngữ,Cơ sở 1,2024-12-29,2025-01-01,3.0,0,5000,0
PM00369,0308,Kinh tế,Cơ sở 1,2024-10-17,2024-11-08,22.0,1,3000,24000
PM00152,0395,Kinh tế,Cơ sở 2,2024-08-18,2024-09-06,19.0,1,3000,15.000 đ
PM00925,0307,Kinh tế,Cơ sở 2,2024-05-07,2024-05-29,22.0,1,3000,24000
PM00825,0180,Văn học, Cơ sở 1,2024-12-15,2024-12-23,8.0,0,3000,0
PM00030,0088,ky thuat,Cơ sở 1,2024-09-05,2024-10-06,31.0,2,7000,119000
PM00748,0421,Văn học,Cơ sở 2,16/07/2024,2024-08-01,16.0,0,3000,6000
PM00239,0354,Thiếu nhi,Cơ sở 2,2024-04-02,2024-04-07,5.0,0,3000,0
PM00880,0421,Thiếu nhi,Cơ sở 1,2024-05-23,2024-05-28,5.0,0,3000,0
PM00936,0307,Văn học,Cơ sở 1,2024-06-04,,,0,3000,
PM00745,0406,Ngoại ngữ,Cơ sở 1,2024-01-10,,,1,5000,
PM00324,0240,Kỹ thuật,CƠ SỞ 3,2024-12-19,2025-01-22,34.0,2,7000,140000
PM00629,0412,Kinh tế,Cơ sở 3,2024-10-01,2024-10-10,9.0,0,3000,0
PM00914,0379,Văn học,Cơ sở 1,2024-12-03,2024-12-20,17.0,1,3000,9.000 đ
PM00831,0201,Thiếu nhi,Cơ sở 1,2024-04-30,2024-05-19,19.0,0,3000,15000
PM00380,0237,Ngoại ngữ,Cơ sở 3,2024-03-12,2024-03-28,16.0,0,5000,10000
PM00559,0281,Kỹ thuật,Cơ sở 1,2024-08-12,2024-09-11,30.0,2,7000,112000
PM00516,0488,Văn học,Cơ sở 3,2024-04-06,2024-04-12,6.0,0,3000,0
PM00031,0311,Kinh tế,Cơ sở 3,2024-03-28,2024-04-22,25.0,2,3000,33000
PM00667,0265,Kinh tế, Cơ sở 1,2024-10-15,2024-10-24,9.0,0,3000,0
PM00949,0304,Kinh tế,Cơ sở 1,2024-08-07,2024-08-28,21.0,1,3000,21000
PM00351,0018,Ngoại ngữ,Cơ sở 1,2024-11-07,,,1,5000,
PM00920,0289,Kinh tế,Cơ sở 1,2024-12-14,2024-12-31,17.0,0,3000,9000
PM00738,0271,Thiếu nhi,Cơ sở 2,2024-04-11,2024-05-02,21.0,1,3000,21.000 đ
PM00052,0118,Kinh tế,Cơ sở 1,2024-04-11,2024-05-05,24.0,0,3000,30000
PM00508,0487,Kỹ thuật,Cơ sở 2,2024-11-06,2024-12-05,29.0,2,7000,105000
PM00037,0244,Kinh tế,CƠ SỞ 3,2024-11-07,,,1,3000,
PM00610,0121,NGOẠI NGỮ,Cơ sở 2,2024-02-10,2024-03-01,,1,5000,30000
PM00079,0413,Văn học,Cơ sở 3,2024-10-12,2024-10-18,6.0,0,3000,0
PM00014,0296,Văn học,Cơ sở 2,2024-03-25,2024-04-17,23.0,1,3000,27.000 đ
PM00676,0143,Ngoại ngữ,Cơ sở 1,2024-07-08,2024-07-29,21.0,0,5000,35.000 đ
PM00059,0064,Văn học,Cơ sở 2,2024-12-26,2025-01-09,14.0,1,3000,0
PM00576,0366,Văn học,Cơ sở 2,2024-01-23,2024-02-01,,0,3000,0
PM00234,0433,Thiếu nhi,Cơ sở 3,2024-02-15,2024-02-20,5.0,0,3000,0
PM00824,0230,Kinh tế,CƠ SỞ 3,2024-10-16,2024-11-07,22.0,1,3000,24000
PM00842,0014,Văn học,Cơ sở 2,2024-11-22,2024-12-08,16.0,0,3000,6000
PM00413,0013,Thiếu nhi,Cơ sở 2,2024-05-15,2024-05-19,4.0,0,3000,0
PM00479,0071,Kỹ thuật,Cơ sở 1,2024-09-13,2024-10-02,19.0,0,7000,35000
PM00194,0443,Văn học,Cơ sở 3,2024-05-16,,,2,3000,
PM00385,0207,Ngoại ngữ,Cơ sở 2,2024-09-07,2024-09-19,12.0,0,5000,0
PM00405,0435,Kỹ thuật,Cơ sở 3,2024-12-19,2025-01-06,18.0,1,7000,28000
PM00591,0163,Kinh tế,Cơ sở 1,2024-12-03,2024-12-22,19.0,0,3000,15.000 đ
PM00046,0408,Thiếu nhi,Cơ sở 3,2024-09-08,2024-09-15,7.0,0,3000,0
PM00488,0066,Văn học,Cơ sở 2,2024-10-23,2024-11-11,19.0,0,3000,15000
PM00670,0240,ky thuat,Cơ sở 3,2024-01-06,,,1,7000,
PM00025,0035,Kinh tế,Cơ sở 2,2024-10-05,2024-10-24,19.0,1,3000,15.000 đ
PM00772,0471,Kỹ thuật,Cơ sở 1,2024-10-27,2024-11-27,31.0,2,7000,119000
PM00472,0159,Ngoại ngữ,Cơ sở 1,2024-11-15,2024-12-09,24.0,2,5000,50000
PM00257,0059,Ngoại ngữ,Cơ sở 3,2024-02-09,2024-03-03,23.0,1,5000,45000
PM00561,0168,Văn học,Cơ sở 1,2024-03-26,2024-04-08,13.0,0,3000,0
PM00803,0087,Kinh tế,Cơ sở 1,2024-12-01,,,1,3000,
PM00893,0322,Ngoại ngữ,Cơ sở 3,2024-10-02,2024-10-26,24.0,1,5000,50000
PM00492,0465,Kỹ thuật,Cơ sở 1,2024-09-08,,,0,7000,
PM00548,0207,Ngoại ngữ,Cơ sở 1,2024-10-09,2024-11-01,23.0,1,5000,45000
PM00247,0107,Kinh tế,Cơ sở 1,2024-10-10,2024-10-27,17.0,0,3000,9000
PM00123,0207,Kỹ thuật,Cơ sở 3,2024-10-15,,,1,7000,
PM00579,0468,Ngoại ngữ,Cơ sở 1,2024-11-30,2024-12-23,23.0,1,5000,45000
PM00707,0163,Kỹ thuật,Cơ sở 1,2024-12-05,,,1,7000,
PM00690,0123,Kinh tế,Cơ sở 1,2024-12-13,2024-12-24,11.0,1,3000,0
PM00207,0305,Văn học,Cơ sở 3,2024-12-20,2025-01-02,13.0,0,3000,0
PM00640,0015,Thiếu nhi,Cơ sở 2,2024-03-13,2024-03-27,14.0,0,3000,0
PM00177,0123,Văn học,Cơ sở 2 ,2024-06-15,2024-06-21,6.0,0,3000,0
PM00775,0008,Thiếu nhi,Cơ sở 1,2024-09-24,2024-10-10,16.0,1,3000,6.000 đ
PM00799,0466,Kinh tế, Cơ sở 1,2024-03-11,2024-04-08,28.0,2,3000,42.000 đ
PM00001,0163,Kỹ thuật, Cơ sở 1,2024-02-08,,,0,7000,
PM00227,0243,Văn học,Cơ sở 2,2024-12-19,,,1,3000,
PM00928,0461,Kỹ thuật,Cơ sở 1,2024-12-07,2025-01-07,31.0,1,7000,119.000 đ
PM00250,0079,Ngoại ngữ,Cơ sở 1,2024-07-05,2024-07-27,22.0,1,5000,40000
PM00470,0315,Ngoại ngữ,Cơ sở 2,2024-02-20,2024-03-01,10.0,0,5000,0
PM00109,0176,Thiếu nhi,CƠ SỞ 3,31/02/2024,2024-01-21,6.0,0,3000,0
PM00427,0370,Văn học,Cơ sở 2,2024-01-10,2024-01-21,11.0,1,3000,0
PM00706,0424,Thiếu nhi,Cơ sở 2,2024-09-27,2024-10-03,6.0,0,3000,0
PM00006,0388,Văn học,Cơ sở 1,2024-08-12,2024-08-20,8.0,0,3000,0
PM00261,0143,NGOẠI NGỮ,Cơ sở 2,2024-07-06,2024-07-27,21.0,1,5000,35000
PM00921,0441,Kinh tế,Cơ sở 3,2024-06-08,2024-06-19,11.0,0,3000,0
PM00314,0139,Văn học,Cơ sở 1,2024-08-07,2024-08-22,15.0,1,3000,3000
PM00597,0039,Kỹ thuật,Cơ sở 1,2024-02-08,,,2,7000,
PM00740,0193,Ngoại ngữ, Cơ sở 1,2024-10-11,2024-11-03,23.0,1,5000,45000
PM00060,0336,Kinh tế, Cơ sở 1,2024-12-05,,,1,3000,
PM00346,0039,Văn học,Cơ sở 2,2024-10-16,2024-10-31,15.0,0,3000,3.000 đ
PM00048,0487,Văn học,Cơ sở 2 ,2024-06-08,2024-06-19,11.0,0,3000,0
PM00855,0004,NGOẠI NGỮ,Cơ sở 1,2024-05-27,2024-06-16,20.0,1,5000,30000
PM00303,0237,Kỹ thuật,Cơ sở 2,2024-04-10,2024-05-15,35.0,2,7000,147.000 đ
PM00895,0268,ky thuat,Cơ sở 1,2024-10-11,,,1,7000,
PM00633,0239,Kỹ thuật,Cơ sở 2,2024-04-11,2024-05-08,27.0,2,7000,91000
PM00287,0334,Văn học,Cơ sở 1,2024-05-20,2024-06-08,19.0,0,3000,15.000 đ
PM00885,0112,Ngoại ngữ,Cơ sở 3,2024-04-07,2024-04-28,21.0,0,5000,35000
PM00759,0155,Ngoại ngữ,Cơ sở 1,2024-12-03,2024-12-15,12.0,1,5000,0
PM00838,0477,Kinh tế,Cơ sở 1,2024-04-09,2024-04-21,12.0,1,3000,0
PM00679,0289,Kỹ thuật,Cơ sở 3,14/01/2024,2024-01-30,16.0,0,7000,14.000 đ
PM00313,0040,Kinh tế,Cơ sở 1,2024-03-12,2024-04-01,20.0,1,3000,18000
PM00950,0167,Văn học,Cơ sở 2,2024-07-08,2024-07-28,20.0,0,3000,18000
PM00722,0201,Văn học,Cơ sở 3,2024-12-24,2025-01-14,21.0,1,3000,21.000 đ
PM00948,0056,Kỹ thuật,Cơ sở 2,2024-01-29,,,1,7000,
PM00876,0404,Kinh tế,Cơ sở 3,2024-09-29,2024-10-09,10.0,0,3000,0
PM00735,0487,Văn học,Cơ sở 2,2024-05-25,2024-06-06,12.0,0,3000,0
PM00726,0338,Kinh tế,Cơ sở 2,2024-05-01,2024-05-11,10.0,0,3000,0
PM00460,0011,Ngoại ngữ,Cơ sở 1,2024-02-17,,,2,5000,
PM00859,0337,Kinh tế,Cơ sở 2,2024-06-18,2024-07-06,18.0,0,3000,12.000 đ
PM00461,0421,Thiếu nhi, Cơ sở 1,27/06/2024,2024-07-03,6.0,0,3000,0
PM00384,0412,Ngoại ngữ,Cơ sở 3,2024-12-25,,,1,5000,
PM00018,0215,Văn học,Cơ sở 1,2024-10-09,2024-11-02,24.0,1,3000,30000
PM00791,0232,ky thuat,Cơ sở 1,2024-07-29,2024-08-31,33.0,2,7000,133000
PM00043,0476,Ngoại ngữ,Cơ sở 1,14/08/2024,2024-09-14,31.0,2,5000,85000
PM00863,0141,Văn học,Cơ sở 1,2024-10-26,2024-11-11,16.0,0,3000,6.000 đ
PM00910,0049,Ngoại ngữ,Cơ sở 1,11/12/2024,,,1,5000,
PM00873,0413,Văn học,Cơ sở 3,2024-11-12,2024-11-21,9.0,0,3000,0
PM00940,0126,Kỹ thuật,Cơ sở 1,2024-06-14,2024-07-14,30.0,1,7000,112.000 đ
PM00512,0131,Kinh tế, Cơ sở 1,2024-04-27,2024-05-06,9.0,0,3000,0
PM00077,0097,Ngoại ngữ,Cơ sở 1,25/10/2024,2024-11-07,13.0,0,5000,0
PM00142,0338,Văn học,Cơ sở 2,12/03/2024,2024-04-12,31.0,2,3000,51000
PM00926,0217,Văn học,Cơ sở 1,2024-03-04,2024-03-21,17.0,1,3000,9000
PM00586,0401,Thiếu nhi, Cơ sở 1,2024-08-21,2024-08-24,3.0,0,3000,0
PM00834,0152,Kinh tế,Cơ sở 3,2024-01-01,2024-01-15,14.0,0,3000,0
PM00788,0041,Văn học,Cơ sở 1,2024-03-01,2024-03-16,15.0,1,3000,3.000 đ
PM00829,0144,Văn học,Cơ sở 2 ,13/10/2024,2024-10-25,12.0,0,3000,0
PM00153,0416,Văn học,Cơ sở 3,2024-01-31,2024-02-10,10.0,0,3000,0
PM00033,0489,Văn học,Cơ sở 1,2024-03-31,,,0,3000,
PM00016,0093,Ngoại ngữ,Cơ sở 1,2024-10-20,2024-11-12,23.0,1,5000,45000
PM00436,0103,NGOẠI NGỮ, Cơ sở 1,2024-07-15,,,0,5000,
PM00499,0424,Thiếu nhi,Cơ sở 1,2024-10-02,2024-10-11,9.0,0,3000,0
PM00620,0312,Kỹ thuật,Cơ sở 1,03/05/2024,,,1,7000,
PM00506,0197,Kinh tế,Cơ sở 1,2024-03-12,2024-03-30,18.0,1,3000,12000
PM00061,0185,Kinh tế,Cơ sở 1,2024-08-11,2024-08-28,17.0,0,3000,9000
PM00404,0153,Văn học,Cơ sở 1,29/08/2024,2024-09-13,15.0,1,3000,3000
PM00660,0390,Kinh tế,Cơ sở 1,2024-11-23,2024-12-09,16.0,1,3000,6000
PM00451,0337,Kỹ thuật,Cơ sở 2,2024-01-13,2024-02-11,29.0,2,7000,105.000 đ
PM00767,0256,Kinh tế, Cơ sở 1,2024-07-30,2024-08-16,17.0,1,3000,9000
PM00036,0345,Kinh tế,Cơ sở 2,27/09/2024,2024-10-19,22.0,1,3000,24.000 đ
PM00226,0270,Văn học,Cơ sở 2,2024-09-05,2024-09-19,14.0,0,3000,0
PM00173,0004,Kỹ thuật,Cơ sở 1,2024-05-19,2024-06-18,30.0,2,7000,112000
PM00242,0313,Kinh tế,Cơ sở 1,2024-07-14,2024-08-14,31.0,1,3000,51.000 đ
PM00530,0490,Thiếu nhi,Cơ sở 2,30/11/2024,2024-12-16,16.0,0,3000,6000
PM00344,0461,Ngoại ngữ,Cơ sở 2,2024-04-12,2024-04-27,15.0,1,5000,5.000 đ
PM00157,0437,Kỹ thuật,Cơ sở 1,2024-11-02,2024-12-06,34.0,2,7000,140000
PM00881,0357,NGOẠI NGỮ,Cơ sở 3,2024-10-01,2024-10-24,23.0,1,5000,45000
PM00749,0284,Kinh tế,Cơ sở 1,2024-02-27,2024-03-07,9.0,0,3000,0
PM00865,0197,Ngoại ngữ,Cơ sở 1,2024-12-26,2025-01-11,16.0,1,5000,10000
PM00870,0292,Kinh tế,Cơ sở 3,2024-11-02,2024-11-20,18.0,1,3000,12000
PM00507,0333,Ngoại ngữ,Cơ sở 3,2024-09-07,2024-09-20,13.0,0,5000,0
PM00881,0357,NGOẠI NGỮ,Cơ sở 3,2024-10-01,2024-10-24,23.0,1,5000,45000
PM00556,0209,Thiếu nhi,Cơ sở 3,19/07/2024,2024-08-06,18.0,1,3000,12.000 đ
PM00216,0259,Thiếu nhi,Cơ sở 1,2024-12-11,2024-12-22,11.0,0,3000,0
PM00209,0408,Văn học,Cơ sở 1,2024-10-21,2024-11-10,20.0,1,3000,18000
PM00065,0211,Kỹ thuật,Cơ sở 2,18/03/2024,2024-04-03,,0,7000,14000
PM00011,0256,Kinh tế,Cơ sở 1,2024-11-23,2024-12-13,,1,3000,18000
PM00909,0287,Ngoại ngữ,Cơ sở 1,2024-03-24,2024-04-15,22.0,1,5000,40000
PM00624,0408,Kinh tế,Cơ sở 1,2024-09-04,2024-09-26,22.0,2,3000,24000
PM00409,0469,Kỹ thuật,Cơ sở 1,2024-01-25,,,1,7000,
PM00179,0222,Kỹ thuật,Cơ sở 2,2024-06-25,2024-07-18,23.0,1,7000,63000
PM00253,0178,Văn học,Cơ sở 2,08/05/2024,2024-05-18,10.0,0,3000,0
PM00606,0252,Văn học,Cơ sở 1,2024-08-12,2024-08-26,14.0,0,3000,0
PM00604,0267,Văn học,Cơ sở 1,2024-02-18,2024-03-07,18.0,1,3000,12.000 đ
PM00806,0286,Kỹ thuật,Cơ sở 3,2024-07-28,2024-09-02,36.0,2,7000,154000
PM00262,0230,Kinh tế,Cơ sở 2,2024-07-31,2024-08-19,19.0,1,3000,15000
PM00101,0210,Kỹ thuật,Cơ sở 2,2024-12-04,2024-12-30,26.0,1,7000,84000
PM00168,0167,Văn học,Cơ sở 3,2024-11-10,2024-12-02,22.0,0,3000,24000
PM00578,0484,Ngoại ngữ,Cơ sở 2,2024-09-27,2024-10-11,14.0,0,5000,0
PM00315,0278,Kỹ thuật,Cơ sở 2,2024-02-27,2024-03-09,11.0,0,7000,0
PM00754,0384,Văn học,Cơ sở 1,2024-03-26,2024-04-11,16.0,0,3000,6000
PM00519,0191,Kỹ thuật,Cơ sở 1,2024-10-13,,,2,7000,
PM00854,0483,Văn học,Cơ sở 1,2024-11-03,2024-11-16,13.0,0,3000,0
PM00662,0247,Kỹ thuật,Cơ sở 1,2024-11-27,2024-12-26,29.0,2,7000,105000
PM00372,0413,NGOẠI NGỮ,Cơ sở 1,2024-11-27,2024-12-05,8.0,0,5000,0
PM00645,0418,Kinh tế,Cơ sở 1,2024-08-03,2024-08-13,10.0,0,3000,0
PM00447,0324,Kinh tế, Cơ sở 1,2024-03-16,2024-04-03,18.0,1,3000,12000
PM00908,0065,Kinh tế,Cơ sở 1,31/02/2024,2024-02-23,18.0,1,3000,12000
PM00368,0425,Kinh tế,Cơ sở 2,2024-03-14,2024-03-26,12.0,0,3000,0
PM00146,0210,Kỹ thuật,Cơ sở 1,21/05/2024,,,0,7000,
PM00363,0275,Ngoại ngữ,Cơ sở 1,22/11/2024,2024-12-03,11.0,0,5000,0
PM00661,0069,Kỹ thuật,Cơ sở 2,2024-04-28,2024-05-24,26.0,1,7000,84000
PM00866,0220,Thiếu nhi,Cơ sở 2,2024-05-24,2024-06-08,15.0,1,3000,3.000 đ
PM00900,0490,Văn học,Cơ sở 2,2024-08-17,2024-09-06,20.0,1,3000,18000
PM00765,0025,Kinh tế,Cơ sở 1,2024-10-12,2024-10-28,16.0,0,3000,6000
PM00322,0483,Thiếu nhi,Cơ sở 3,2024-05-09,2024-05-20,11.0,0,3000,0
PM00186,0017,ky thuat, Cơ sở 1,2024-05-13,,,2,7000,
PM00654,0488,Kỹ thuật,Cơ sở 1,2024-10-20,2024-11-05,16.0,1,7000,14000
PM00133,0315,Kỹ thuật,Cơ sở 3,2024-08-23,2024-09-21,29.0,1,7000,105000
PM00631,0361,Văn học,Cơ sở 3,2024-11-16,2024-11-27,11.0,0,3000,0
PM00757,0127,Kỹ thuật,Cơ sở 2,2024-03-14,2024-04-01,18.0,1,7000,28000
PM00800,0484,Kinh tế,Cơ sở 2,2024-09-06,,,0,3000,
PM00120,0192,Kỹ thuật,Cơ sở 1,2024-02-24,2024-03-14,19.0,1,7000,35000
PM00611,0238,Ngoại ngữ,Cơ sở 1,2024-11-01,,,2,5000,
PM00039,0384,Kinh tế,CƠ SỞ 3,02/04/2024,2024-04-29,27.0,1,3000,39000
PM00841,0461,Văn học,Cơ sở 3,2024-02-17,2024-02-26,9.0,0,3000,0
PM00494,0076,Kỹ thuật,Cơ sở 1,2024-07-05,2024-07-26,21.0,1,7000,49.000 đ
PM00899,0412,ky thuat,Cơ sở 1,2024-10-07,2024-10-31,24.0,1,7000,70000
PM00339,0208,Kỹ thuật,Cơ sở 1,2024-06-10,2024-07-07,27.0,1,7000,91000
PM00819,0475,Kinh tế,Cơ sở 1,2024-09-29,,,1,3000,
PM00085,0272,Kỹ thuật,Cơ sở 2,2024-05-08,2024-05-31,23.0,0,7000,63000
PM00225,0465,Thiếu nhi,Cơ sở 2,01/06/2024,2024-06-07,6.0,0,3000,0
PM00020,0390,Thiếu nhi,Cơ sở 2,2024-04-07,2024-04-17,10.0,0,3000,0
PM00073,0441,Kỹ thuật,Cơ sở 1,2024-01-25,2024-02-18,24.0,1,7000,70000
PM00419,0117,Ngoại ngữ,Cơ sở 1,2024-11-13,2024-12-03,20.0,1,5000,30000
PM00076,0249,Kinh tế,Cơ sở 3,2024-05-29,2024-06-07,9.0,0,3000,0
PM00381,0439,Thiếu nhi, Cơ sở 1,14/08/2024,2024-08-29,15.0,0,3000,3.000 đ
PM00874,0205,Ngoại ngữ,Cơ sở 3,08/11/2024,2024-11-29,21.0,1,5000,35000
PM00386,0481,Thiếu nhi,Cơ sở 2,2024-05-10,2024-05-21,11.0,0,3000,0
PM00453,0085,Ngoại ngữ,Cơ sở 2,2024-12-07,2024-12-30,23.0,1,5000,45.000 đ
PM00265,0276,Thiếu nhi,Cơ sở 2,2024-05-19,2024-05-22,3.0,0,3000,0
PM00041,0034,Ngoại ngữ,Cơ sở 2,2024-06-21,2024-07-13,22.0,1,5000,40000
PM00429,0144,Kỹ thuật,Cơ sở 1,2024-09-13,2024-09-26,13.0,0,7000,0
PM00161,0350,Kinh tế,Cơ sở 3,2024-06-19,2024-07-05,16.0,0,3000,6000
PM00111,0263,Kinh tế,Cơ sở 1,2024-08-27,2024-09-11,15.0,1,3000,3000
PM00304,0439,Kinh tế,Cơ sở 1,2024-05-17,2024-06-13,27.0,1,3000,39000
PM00932,0347,NGOẠI NGỮ,Cơ sở 2,2024-04-10,2024-05-06,26.0,1,5000,60000
PM00049,0305,Văn học,Cơ sở 2,2024-04-21,2024-05-09,18.0,0,3000,12000
PM00510,0122,Kỹ thuật,Cơ sở 1,2024-05-25,,,2,7000,
PM00019,0259,Ngoại ngữ,Cơ sở 1,2024-01-31,2024-02-21,21.0,1,5000,35000
PM00044,0051,Kinh tế,Cơ sở 1,2024-10-01,2024-10-13,12.0,0,3000,0
PM00274,0234,ky thuat,Cơ sở 1,2024-05-07,2024-05-24,17.0,0,7000,21000
PM00444,0500,Kinh tế,Cơ sở 1,2024-01-17,2024-01-28,11.0,0,3000,0
PM00091,0070,Văn học,Cơ sở 1,2024-06-29,2024-07-11,12.0,0,3000,0
PM00886,0487,Kinh tế,Cơ sở 1,2024-07-11,2024-07-20,9.0,0,3000,0
PM00276,0375,Kinh tế,Cơ sở 1,30/10/2024,2024-11-27,28.0,2,3000,42.000 đ
PM00847,0063,Văn học,Cơ sở 1,2024-09-28,2024-10-01,3.0,0,3000,0
PM00673,0294,Kỹ thuật,Cơ sở 2,2024-01-17,2024-02-08,22.0,1,7000,56.000 đ
PM00115,0265,Kinh tế,Cơ sở 2,2024-01-19,2024-02-01,,0,3000,0
PM00329,0413,Ngoại ngữ,Cơ sở 3,2024-08-11,2024-08-16,5.0,0,5000,0
PM00581,0340,Thiếu nhi,Cơ sở 1,11/03/2024,2024-03-28,17.0,1,3000,9000
PM00466,0028,Văn học,Cơ sở 1,2024-05-25,2024-06-23,29.0,1,3000,45.000 đ
PM00728,0294,Văn học,Cơ sở 3,2024-10-18,2024-11-16,29.0,2,3000,45000
PM00905,0446,Kỹ thuật,Cơ sở 1,2024-08-27,2024-09-21,25.0,1,7000,77000
PM00132,0393,Ngoại ngữ,Cơ sở 2,2024-03-06,,,0,5000,
PM00002,0364,Kỹ thuật,Cơ sở 2,2024-10-11,2024-11-07,27.0,1,7000,91000
PM00700,0343,Ngoại ngữ,Cơ sở 1,2024-09-19,2024-10-05,16.0,1,5000,10000
PM00228,0148,Kinh tế,Cơ sở 2,2024-06-07,2024-06-24,,0,3000,9000
PM00691,0087,Ngoại ngữ,Cơ sở 1,18/01/2024,,,2,5000,
PM00840,0077,Văn học,Cơ sở 3,2024-02-29,2024-03-04,4.0,0,3000,0
PM00694,0411,Kỹ thuật, Cơ sở 1,2024-05-23,2024-06-20,28.0,2,7000,98000
PM00134,0472,Kinh tế,Cơ sở 2,2024-06-28,2024-07-14,16.0,1,3000,6000
PM00736,0334,ky thuat,Cơ sở 3,31/02/2024,2024-09-08,38.0,2,7000,168000
PM00249,0190,NGOẠI NGỮ,Cơ sở 2,2024-01-28,2024-02-09,12.0,0,5000,0
PM00284,0238,Ngoại ngữ,Cơ sở 3,2024-05-10,2024-06-07,28.0,1,5000,70000
PM00497,0444,Thiếu nhi,Cơ sở 1,29/10/2024,2024-11-12,14.0,0,3000,0
PM00681,0241,Văn học,Cơ sở 3,2024-05-05,2024-05-26,21.0,1,3000,21000
PM00336,0074,Thiếu nhi,Cơ sở 2 ,2024-06-08,2024-05-30,-9.0,1,3000,0
PM00440,0237,Kinh tế,Cơ sở 3,2024-06-12,2024-06-26,14.0,0,3000,0
PM00264,0041,Kinh tế,Cơ sở 1,2024-02-29,2024-03-18,18.0,1,3000,12000
PM00143,0199,ky thuat,Cơ sở 2,10/05/2024,2024-06-07,,1,7000,98000
PM00246,0245,Kỹ thuật,Cơ sở 1,2024-06-07,2024-07-04,27.0,1,7000,91000
PM00813,0376,Văn học,Cơ sở 1,2024-06-17,2024-07-03,16.0,1,3000,6000
PM00028,0023,Thiếu nhi,Cơ sở 1,2024-04-04,2024-04-25,217.0,0,3000,21000
PM00442,0415,Kỹ thuật,Cơ sở 1,2024-12-20,,,2,7000,
PM00139,0329,Thiếu nhi,Cơ sở 2,2024-01-30,2024-02-06,7.0,0,3000,0
PM00364,0477,Ngoại ngữ,Cơ sở 1,2024-01-15,2024-02-14,30.0,1,5000,80000
PM00090,0347,Kinh tế,Cơ sở 3,2024-03-18,,,1,3000,
PM00839,0315,Kỹ thuật,Cơ sở 3,06/09/2024,2024-09-25,19.0,0,7000,35000
PM00924,0252,Văn học,Cơ sở 1,2024-01-18,,,1,3000,
PM00024,0413,Văn học,Cơ sở 1,2024-01-20,2024-02-06,17.0,1,3000,9000
PM00609,0244,Ngoại ngữ,Cơ sở 1,2024-03-23,2024-04-08,16.0,1,5000,10000
PM00080,0376,Ngoại ngữ,Cơ sở 2,27/02/2024,2024-03-20,22.0,1,5000,40000
PM00126,0456,Kỹ thuật,Cơ sở 2 ,2024-05-07,,,0,7000,
PM00705,0222,Ngoại ngữ,Cơ sở 3,2024-07-05,,,0,5000,
PM00243,0021,Kinh tế,Cơ sở 1,05/01/2024,2024-01-16,11.0,0,3000,0
PM00371,0067,Văn học,Cơ sở 1,2024-04-30,2024-05-18,18.0,1,3000,12000
PM00684,0164,Kinh tế,Cơ sở 3,2024-02-09,2024-02-29,20.0,1,3000,18000
PM00327,0108,Văn học,Cơ sở 1,2024-11-10,2024-10-28,-13.0,1,3000,0
PM00580,0087,Kinh tế,Cơ sở 1,2024-11-29,2024-12-08,9.0,0,3000,0
PM00658,0438,Kinh tế,Cơ sở 2,2024-04-15,2024-05-10,25.0,1,3000,33000
PM00505,0056,Kinh tế,Cơ sở 1,2024-05-07,2024-05-30,23.0,1,3000,27000
PM00409,0469,Kỹ thuật,Cơ sở 1,2024-01-25,,,1,7000,
PM00420,0376,Kỹ thuật,Cơ sở 3,2024-10-08,2024-11-04,27.0,1,7000,91000
PM00082,0268,Ngoại ngữ,Cơ sở 2,2024-05-02,2024-05-26,24.0,1,5000,50000
PM00469,0028,Thiếu nhi,Cơ sở 1,2024-08-30,2024-09-12,13.0,0,3000,0
PM00232,0019,Kỹ thuật,Cơ sở 1,2024-10-28,,,1,7000,
PM00502,0300,Kinh tế,Cơ sở 1,2024-10-27,2024-11-01,5.0,0,3000,0
PM00038,0091,Kỹ thuật,Cơ sở 3,2024-08-21,2024-09-12,22.0,1,7000,56000
PM00843,0144,ky thuat,Cơ sở 2,2024-03-22,,,1,7000,
PM00898,0268,Kinh tế,Cơ sở 3,05/10/2024,2024-11-03,29.0,1,3000,45000
PM00141,0358,Kỹ thuật,Cơ sở 3,2024-09-13,2024-10-14,31.0,2,7000,119000
PM00547,0388,Ngoại ngữ,Cơ sở 2,2024-12-28,2025-01-19,22.0,1,5000,40000
PM00901,0235,Ngoại ngữ,Cơ sở 1,2024-01-11,2024-01-28,17.0,0,5000,15.000 đ
PM00638,0456,Kỹ thuật, Cơ sở 1,07/08/2024,2024-09-05,29.0,2,7000,105000
PM00237,0235,Thiếu nhi, Cơ sở 1,2024-11-23,,,0,3000,
PM00814,0135,Kinh tế,Cơ sở 2,2024-04-05,2024-04-29,24.0,1,3000,30.000 đ
PM00417,0312,Kỹ thuật,Cơ sở 2,2024-12-01,2024-12-22,21.0,1,7000,49000
PM00766,0002,Ngoại ngữ,Cơ sở 3,03/08/2024,2024-08-08,5.0,0,5000,0
PM00689,0161,Kỹ thuật,Cơ sở 2,2024-12-24,,,0,7000,
PM00605,0008,Kỹ thuật,Cơ sở 2,2024-07-03,2024-07-20,17.0,0,7000,21000
PM00622,0497,Ngoại ngữ,Cơ sở 3,2024-02-10,,,0,5000,
PM00793,0265,Thiếu nhi,Cơ sở 1,2024-10-04,2024-10-11,7.0,0,3000,0
PM00851,0326,Kỹ thuật,Cơ sở 1,2024-12-30,2025-01-19,20.0,0,7000,42.000 đ
PM00584,0202,Kinh tế,Cơ sở 1,2024-06-20,2024-07-10,20.0,1,3000,18000
PM00674,0087,NGOẠI NGỮ,Cơ sở 1,2024-03-16,2024-04-10,25.0,2,5000,55000
PM00333,0273,Kinh tế,Cơ sở 2,2024-07-14,2024-07-23,9.0,0,3000,0
PM00270,0118,ky thuat,Cơ sở 1,2024-10-25,2024-11-08,14.0,1,7000,0
PM00501,0013,Văn học,Cơ sở 1,2024-02-02,2024-02-15,13.0,0,3000,0
PM00338,0091,Kỹ thuật,Cơ sở 1,2024-01-09,2024-01-31,22.0,1,7000,56.000 đ
PM00092,0249,Kỹ thuật,Cơ sở 1,2024-02-17,2024-03-06,18.0,1,7000,28.000 đ
PM00081,0041,Kỹ thuật,Cơ sở 1,02/06/2024,,,2,7000,
PM00704,0345,Kinh tế,Cơ sở 1,2024-08-31,2024-09-22,22.0,1,3000,24000
PM00922,0095,Văn học,Cơ sở 1,17/03/2024,2024-04-02,16.0,0,3000,6000
